Positions,Noise-free data,Noisy Data,Unbiased_loss_predition
"(0.3799752676514433, 0.2715028135192287)",1.0,1.0,1
"(0.5116035370646429, 0.7063725314504857)",1.0,1.0,1
"(0.5171371459547364, 0.1853159384968281)",1.0,1.0,1
"(0.16662149342729368, 0.15719866671445468)",-1.0,1.0,-1
"(0.5979841441929801, 0.4989892835382245)",-1.0,-1.0,1
"(0.6166977232687355, 0.5926920182072327)",1.0,1.0,1
"(0.5694233635994037, 0.1408372459768467)",1.0,1.0,1
"(0.5015872746984685, 0.5847854915594424)",-1.0,-1.0,1
"(0.8967170348285676, 0.6527723020680263)",-1.0,-1.0,1
"(0.6109313592627726, 0.6896168596107667)",1.0,1.0,1
"(0.46829177395311017, 0.6011397440951937)",-1.0,1.0,1
"(0.45198536387044314, 0.3843948245582596)",-1.0,-1.0,1
"(0.3323790486515788, 0.5447170352317121)",1.0,1.0,1
"(0.44180275105027783, 0.3406042794165084)",-1.0,-1.0,1
"(0.4563524867868275, 0.18011899215081895)",1.0,-1.0,1
"(0.38900935086055016, 0.5896813734274757)",-1.0,-1.0,1
"(0.5499762840493292, 0.26016809433353644)",1.0,1.0,1
"(0.5932545060306275, 0.4054084083007778)",-1.0,-1.0,1
"(0.6454024935628134, 0.6048009031934339)",1.0,1.0,1
"(0.38958869765550885, 0.2801387047059245)",1.0,-1.0,1
"(0.5706786149884808, 0.45432063366904407)",-1.0,-1.0,1
"(0.5306637078194877, 0.24065445682950434)",1.0,1.0,1
"(0.48776426345033197, 0.4473155084047167)",-1.0,-1.0,1
"(0.21241021818674613, 0.27598831583097383)",-1.0,-1.0,1
"(0.48576534760807694, 0.4555571484893015)",-1.0,-1.0,1
"(0.3600826670280525, 0.21710691373069063)",1.0,1.0,1
"(0.3973455075213443, 0.17811189563098098)",1.0,-1.0,1
"(0.6273529611058408, 0.399390702842192)",-1.0,-1.0,1
"(0.5502727334327144, 0.6978423712411742)",1.0,1.0,1
"(0.5182418010570538, 0.23151499946238485)",1.0,1.0,1
"(0.5694911234584632, 0.5733450413963657)",1.0,1.0,1
"(0.5168300243935493, 0.2511881294577255)",1.0,1.0,1
"(0.44111668247730046, 0.15377585032794522)",1.0,1.0,1
"(0.40562237430546144, 0.29568115838142)",1.0,-1.0,1
"(0.47618240954058816, 0.20418622988423354)",1.0,-1.0,1
"(0.3134740479739802, 0.568775312712806)",1.0,1.0,1
"(0.7717339747933324, 0.19565606967492205)",-1.0,-1.0,1
"(0.5802276731264399, 0.34094656105515936)",-1.0,-1.0,1
"(0.35491258978181317, 0.3367782516755672)",-1.0,-1.0,1
"(0.44892600623390705, 0.6469660585642092)",1.0,1.0,1
"(0.7053123729502642, 0.18067452779470272)",-1.0,-1.0,1
"(0.7226927767990242, 0.5183362603490914)",1.0,1.0,1
"(0.28228757284184847, 0.31703523171212505)",-1.0,1.0,1
"(0.7169670687084971, 0.41270778825131715)",1.0,1.0,1
"(0.8553835208022768, 0.300571664098061)",1.0,1.0,1
"(0.3663385960157202, 0.32086484355399447)",-1.0,-1.0,1
"(0.7397513213172515, 0.32211748682842906)",1.0,1.0,1
"(0.6263331752269955, 0.21576287588258486)",-1.0,-1.0,1
"(0.7166960292722592, 0.37631626106591165)",-1.0,-1.0,1
"(0.2523377151375525, 0.540803197018028)",1.0,-1.0,1
"(0.5846794958666486, 0.712841833626035)",1.0,1.0,1
"(0.5118493359533812, 0.35525608401132575)",-1.0,-1.0,1
"(0.5964900393007182, 0.14847138095408768)",1.0,1.0,1
"(0.555732484076433, 0.19563814917028063)",1.0,1.0,1
"(0.18894836698739667, 0.12021074513458296)",-1.0,1.0,1
"(0.40322875728418484, 0.25868069244829933)",1.0,1.0,1
"(0.6227707006369426, 0.3718379269560231)",-1.0,-1.0,1
"(0.26021479875321857, 0.5329110067739508)",1.0,1.0,1
"(0.6616089578533676, 0.40373463316727004)",-1.0,-1.0,1
"(0.7087681257622984, 0.3123060105372567)",-1.0,-1.0,1
"(0.5594711343000407, 0.29283179814343574)",1.0,1.0,1
"(0.563699349505353, 0.3288466363212788)",-1.0,-1.0,1
"(0.24913606179699144, 0.2670818250241927)",-1.0,1.0,1
"(0.3832548448299227, 0.29198595032436114)",1.0,-1.0,1
"(0.207751727876406, 0.10877746317336297)",-1.0,1.0,1
"(0.6279543298549939, 0.6257840220780617)",1.0,1.0,1
"(0.7595880200569183, 0.5179527615497652)",1.0,1.0,1
"(0.30137891313186066, 0.22902404931722875)",-1.0,-1.0,1
"(0.5191142092424448, 0.28593061180602847)",-1.0,-1.0,1
"(0.2579279035099607, 0.3908587505824164)",-1.0,1.0,1
"(0.7897750372679225, 0.40710906419124765)",1.0,1.0,1
"(0.7546415503455752, 0.1545822730368087)",-1.0,-1.0,1
"(0.6765652527442743, 0.46250672018924055)",1.0,1.0,1
"(0.6236244748610923, 0.6343141822873732)",1.0,1.0,1
"(0.2097845236481908, 0.5251944374753593)",1.0,1.0,1
"(0.6979096083480145, 0.22633597362101718)",-1.0,-1.0,1
"(0.2629929529746578, 0.5176355686176123)",1.0,1.0,1
"(0.560094525003388, 0.25528834091968033)",1.0,1.0,1
"(0.7227774766228486, 0.5035536360703918)",1.0,1.0,1
"(0.7617563355468221, 0.5889215440306799)",1.0,1.0,1
"(0.8678005149749288, 0.6255331350130819)",-1.0,-1.0,1
"(0.18791502913673938, 0.5843966166087238)",1.0,-1.0,-1
"(0.7343982924515517, 0.6423067273574424)",-1.0,-1.0,1
"(0.5105315760943218, 0.22599548403283037)",1.0,1.0,1
"(0.4583073587206938, 0.35637969965234223)",-1.0,-1.0,1
"(0.5062068030898496, 0.7095444607720153)",-1.0,-1.0,1
"(0.5842170348285676, 0.6991505680799971)",1.0,1.0,1
"(0.5776206125491259, 0.24874018852370886)",1.0,1.0,1
"(0.12132402764602244, 0.425772911365184)",1.0,1.0,-1
"(0.4591814609025613, 0.5419375649618293)",-1.0,1.0,1
"(0.5072035506166147, 0.23850399627253505)",1.0,1.0,1
"(0.6766059086597099, 0.613490555894054)",1.0,1.0,1
"(0.39609703211817315, 0.3704741765528118)",-1.0,-1.0,1
"(0.38820639653069516, 0.21106770366653527)",1.0,1.0,1
"(0.7178818268058003, 0.22380918246657824)",-1.0,-1.0,1
"(0.2662115462799837, 0.5181588473531414)",1.0,1.0,1
"(0.2881149207209649, 0.34678506146733096)",-1.0,-1.0,1
"(0.631337240818539, 0.7045446399770617)",-1.0,-1.0,1
"(0.7122577585038623, 0.5042184867925881)",1.0,1.0,1
"(0.40195656593034285, 0.509108992509229)",-1.0,-1.0,1
"(0.30701992139856343, 0.22628221210709293)",-1.0,1.0,1
"(0.5629878709852284, 0.28022113902727497)",-1.0,-1.0,1
"(0.6629539910556986, 0.30704455037453854)",-1.0,-1.0,1
"(0.6045534625287979, 0.2804487294362209)",1.0,1.0,1
"(0.2763247052446131, 0.26797605820579906)",-1.0,1.0,1
"(0.4571605231061119, 0.6640801404967565)",1.0,1.0,1
"(0.4051666892532863, 0.29751442600623634)",-1.0,-1.0,1
"(0.8430004065591543, 0.3140962689509337)",1.0,1.0,1
"(0.26321317251660115, 0.550292104225655)",1.0,1.0,1
"(0.24844152324163163, 0.5115210924339629)",1.0,1.0,1
"(0.5476284049329178, 0.5790043367621233)",1.0,1.0,1
"(0.2989564981704838, 0.406033833912763)",-1.0,1.0,1
"(0.40811593711885075, 0.3225439948388947)",-1.0,-1.0,1
"(0.3818674617156796, 0.5993441095301244)",1.0,-1.0,1
"(0.3308036319284456, 0.6356940611447619)",1.0,-1.0,1
"(0.41660794145548175, 0.597598652378051)",1.0,-1.0,1
"(0.7230315760943218, 0.2136661768395398)",-1.0,-1.0,1
"(0.7900460767041605, 0.32622128239131215)",1.0,1.0,1
"(0.7522530153137281, 0.20755528475681875)",-1.0,-1.0,1
"(0.28764060170754846, 0.25860542632880545)",-1.0,-1.0,1
"(0.5412488142024665, 0.39033188774595895)",-1.0,-1.0,1
"(0.6583022767312644, 0.5044801261603528)",-1.0,-1.0,1
"(0.33236210868681393, 0.34821153363678725)",-1.0,-1.0,1
"(0.46116174278357497, 0.24205225619153437)",1.0,1.0,1
"(0.5192336359940372, 0.1595641733271209)",1.0,1.0,1
"(0.7814913944978994, 0.2752840399985664)",-1.0,-1.0,1
"(0.48798617698875185, 0.36382208522992004)",-1.0,-1.0,1
"(0.6668230790079956, 0.6776818035195872)",1.0,1.0,1
"(0.6702652798482178, 0.5727088634815957)",1.0,1.0,1
"(0.3117969914622577, 0.2667377513350776)",-1.0,-1.0,1
"(0.3144226860008131, 0.22149743736783628)",-1.0,1.0,1
"(0.5442099200433663, 0.37682699544819187)",-1.0,-1.0,1
"(0.39317150020327957, 0.1656213038959177)",1.0,1.0,1
"(0.5469880742648056, 0.2910970932941472)",1.0,1.0,1
"(0.41268125762298413, 0.24477617289702877)",1.0,-1.0,1
"(0.3359872611464968, 0.280386007669976)",-1.0,-1.0,1
"(0.719118444233636, 0.5346743844306656)",1.0,1.0,1
"(0.7449857704295976, 0.4579853768682126)",1.0,1.0,1
"(0.6421483263314812, 0.5286799756281136)",1.0,1.0,1
"(0.3585309662555902, 0.4049854843912405)",-1.0,-1.0,1
"(0.5398038352080227, 0.38717250277767823)",-1.0,-1.0,1
"(0.3617681935221574, 0.5506254256119852)",-1.0,1.0,1
"(0.6268617021276596, 0.6028493602379843)",1.0,1.0,1
"(0.7410895785336766, 0.487995053940719)",1.0,1.0,1
"(0.4927378371052988, 0.2304218486792588)",1.0,1.0,1
"(0.6401172245561729, 0.3940450163076592)",-1.0,-1.0,1
"(0.6106196639110991, 0.5859395720583492)",1.0,1.0,1
"(0.5724979672042282, 0.3353428192537902)",-1.0,-1.0,1
"(0.7675498034964087, 0.49167054944267236)",1.0,1.0,1
"(0.48994104892261825, 0.30915558582129676)",-1.0,-1.0,1
"(0.22203211817319418, 0.16063940360560552)",-1.0,-1.0,1
"(0.7332633148123051, 0.5758951292068385)",1.0,1.0,1
"(0.5520497357365497, 0.761496003727465)",-1.0,-1.0,1
"(0.4715645751456837, 0.835453926382567)",1.0,1.0,1
"(0.6442725979129963, 0.6101394215261102)",1.0,1.0,1
"(0.3409337308578398, 0.31785240672377335)",-1.0,1.0,1
"(0.2399037810001355, 0.5851922870148023)",1.0,1.0,1
"(0.3346320639653069, 0.4278740546933802)",-1.0,1.0,1
"(0.7233703753896192, 0.4422397046700835)",1.0,1.0,1
"(0.4248865022360753, 0.2927511558725494)",-1.0,-1.0,1
"(0.8966492749695081, 0.6316977886097273)",-1.0,-1.0,1
"(0.24625626778696297, 0.2402781262320347)",-1.0,-1.0,1
"(0.34813321588291096, 0.2737392924984768)",-1.0,-1.0,1
"(0.549127591814609, 0.25483674420271674)",1.0,1.0,1
"(0.4803970727740886, 0.20033332138633023)",1.0,1.0,1
"(0.5852368207074129, 0.5409107200458766)",1.0,1.0,1
"(0.5200570876812576, 0.20959822228593958)",1.0,1.0,1
"(0.772326873560103, 0.37159420809289995)",-1.0,-1.0,1
"(0.5466865428919908, 0.38336618759184254)",-1.0,-1.0,1
"(0.4947265889686949, 0.4033367979642307)",-1.0,-1.0,1
"(0.4901019785878845, 0.5250851223970467)",-1.0,-1.0,1
"(0.6178343949044586, 0.6748682842908856)",1.0,1.0,1
"(0.6006928445588833, 0.4773395218809362)",-1.0,-1.0,1
"(0.329939693725437, 0.5915397297587901)",1.0,1.0,1
"(0.3123221303699688, 0.32427332353679084)",-1.0,-1.0,1
"(0.4444775714866513, 0.4535661804236408)",-1.0,1.0,1
"(0.306545602385147, 0.5566072900612882)",1.0,-1.0,1
"(0.383895175498035, 0.34311494211677)",-1.0,1.0,1
"(0.24258029543298548, 0.2959069567399018)",-1.0,-1.0,1
"(0.38059018837240816, 0.22285939572058347)",1.0,1.0,1
"(0.5429495866648597, 0.3481219311135802)",-1.0,-1.0,1
"(0.8575179563626508, 0.6808716533457583)",-1.0,-1.0,1
"(0.4624728960563762, 0.1982903838572094)",1.0,1.0,1
"(0.6354553462528798, 0.4301980215762876)",-1.0,-1.0,1
"(0.5827432578940236, 0.58686606214831)",1.0,1.0,1
"(0.4829007995663369, 0.3166750295688327)",1.0,1.0,1
"(0.7311288792519312, 0.17732339342675887)",-1.0,-1.0,1
"(0.5466272530153137, 0.7298663130353751)",1.0,1.0,1
"(0.4871408727469847, 0.7106017705458586)",1.0,1.0,1
"(0.5253681054343406, 0.23181964804128882)",1.0,1.0,1
"(0.5575484482992275, 0.18131966596179347)",1.0,1.0,1
"(0.4159557528120342, 0.22230386007669978)",1.0,1.0,1
"(0.30161607263856893, 0.6508189670621125)",1.0,-1.0,1
"(0.5135355400460767, 0.2211748682842909)",1.0,1.0,1
"(0.7479502642634503, 0.6832371599584245)",-1.0,-1.0,1
"(0.6031559154356959, 0.7911723594136411)",1.0,1.0,1
"(0.8144057460360482, 0.432782158345579)",1.0,1.0,1
"(0.5675176175633554, 0.33077309057023047)",-1.0,-1.0,1
"(0.6327889957988887, 0.6485430629726533)",1.0,1.0,1
"(0.6260875457379049, 0.27046163219956276)",1.0,1.0,1
"(0.68756267786963, 0.5926561771979499)",1.0,1.0,1
"(0.6371967746307088, 0.7092935737070357)",1.0,1.0,1
"(0.41505962867597235, 0.25927386115193)",1.0,-1.0,1
"(0.37865395039978317, 0.6461417153507043)",1.0,1.0,1
"(0.31416858652934, 0.485518440199276)",-1.0,-1.0,1
"(0.458888399512129, 0.680029389627612)",1.0,-1.0,1
"(0.7244037132402764, 0.6062793448263504)",1.0,1.0,1
"(0.767634503320233, 0.5885434213827462)",1.0,1.0,1
"(0.5863870443149478, 0.2825167556718397)",1.0,1.0,1
"(0.21134300040655912, 0.20725063617791475)",-1.0,-1.0,1
"(0.3708141347065998, 0.22513529981004266)",1.0,1.0,1
"(0.5035031847133759, 0.2021253718504713)",1.0,1.0,1
"(0.3623949722184578, 0.522993799505394)",1.0,1.0,1
"(0.7962799837376338, 0.35824343213504894)",1.0,1.0,1
"(0.1681630302208971, 0.23830687072147952)",-1.0,1.0,-1
"(0.5351356891177667, 0.2792623920289595)",1.0,1.0,1
"(0.16096354519582595, 0.17176803698792156)",-1.0,-1.0,-1
"(0.43488277544382703, 0.1935772911365184)",1.0,-1.0,1
"(0.4821757690744003, 0.7428049173864736)",-1.0,-1.0,1
"(0.26522902832362105, 0.22124655030285653)",-1.0,-1.0,1
"(0.3914825857162217, 0.6226837747750977)",1.0,-1.0,1
"(0.6308324298685458, 0.4930934375112003)",-1.0,-1.0,1
"(0.3663487599945792, 0.35486720906060715)",-1.0,-1.0,1
"(0.4628692912318742, 0.6976810866994015)",1.0,-1.0,1
"(0.7549295297465781, 0.46681122540410735)",1.0,1.0,1
"(0.6184865835479062, 0.7398480341206408)",-1.0,-1.0,1
"(0.22140533947689386, 0.38221389914339987)",-1.0,-1.0,1
"(0.6077161539503997, 0.24414895523457938)",1.0,1.0,1
"(0.38207582328228756, 0.18391813913479804)",1.0,-1.0,1
"(0.42449688304648325, 0.6084907350991005)",1.0,-1.0,1
"(0.555537674481637, 0.6012741478800043)",-1.0,-1.0,1
"(0.7041943352757827, 0.530170961614279)",1.0,1.0,1
"(0.3527578262637213, 0.35645138167090784)",-1.0,1.0,1
"(0.6588053936847811, 0.25020787785384035)",-1.0,-1.0,1
"(0.37718017346523913, 0.45878104727429125)",-1.0,1.0,1
"(0.22670754844829918, 0.5569047704383355)",1.0,-1.0,1
"(0.8286691963680716, 0.5631428981040106)",1.0,1.0,1
"(0.325399783168451, 0.5287068563850759)",-1.0,-1.0,1
"(0.6949451145141617, 0.260073115658937)",-1.0,-1.0,1
"(0.7827110719609703, 0.23898784989785313)",-1.0,-1.0,1
"(0.6524850928310069, 0.4499551987383965)",-1.0,-1.0,1
"(0.660824637484754, 0.1322891652628938)",-1.0,-1.0,1
"(0.58542146632335, 0.4570069173147916)",-1.0,-1.0,1
"(0.7312305190405203, 0.033475502670155165)",-1.0,-1.0,1
"(0.5770463477435966, 0.4233921723235727)",-1.0,-1.0,1
"(0.575396395175498, 0.4491308555248916)",-1.0,-1.0,1
"(0.17410895785336766, 0.2071251926454249)",-1.0,1.0,-1
"(0.9109804851605908, 0.6454786566789721)",-1.0,-1.0,1
"(0.5009994579211275, 0.5985968244865776)",1.0,1.0,1
"(0.31272868952432575, 0.4454822407799004)",-1.0,-1.0,1
"(0.520540554275647, 0.25923802014264724)",1.0,1.0,1
"(0.6364056782761892, 0.7719078169241246)",-1.0,-1.0,1
"(0.7056681122103267, 0.5778914734238916)",1.0,1.0,1
"(0.6978418484889553, 0.41259918999319023)",1.0,1.0,1
"(0.5404678818268058, 0.7736998673882657)",-1.0,-1.0,1
"(0.7644836698739667, 0.49455037453854706)",1.0,1.0,1
"(0.3741292858110855, 0.14257553492706354)",1.0,1.0,1
"(0.6209005285269006, 0.239812193111358)",-1.0,-1.0,1
"(0.709750643718661, 0.6741514641052292)",-1.0,-1.0,1
"(0.5079785540046077, 0.4124379054514175)",-1.0,-1.0,1
"(0.2291977232687356, 0.4932708505071503)",1.0,-1.0,1
"(0.704279035099607, 0.5471954410236193)",1.0,1.0,1
"(0.6385468898224692, 0.5534461130425432)",1.0,1.0,1
"(0.3605417400731806, 0.40928282140425076)",-1.0,1.0,1
"(0.26441591001490716, 0.5492294183004194)",1.0,-1.0,1
"(0.6547330261553056, 0.43063259381384184)",-1.0,-1.0,1
"(0.3966255590188372, 0.4214725278663847)",-1.0,-1.0,1
"(0.43791672313321583, 0.6365900863768323)",1.0,1.0,1
"(0.5954143515381488, 0.4357048134475467)",-1.0,-1.0,1
"(0.24652730722320093, 0.5215010214687645)",1.0,-1.0,1
"(0.5207085987261146, 0.3473692699186409)",-1.0,-1.0,1
"(0.5041248814202467, 0.15934912727142397)",1.0,1.0,1
"(0.5844152324163165, 0.29944446435611627)",-1.0,-1.0,1
"(0.4983669873966662, 0.18189312211031863)",1.0,1.0,1
"(0.3668586529340019, 0.6880398552023226)",1.0,-1.0,1
"(0.740632199485025, 0.3853016020931149)",1.0,1.0,1
"(0.6232534896327415, 0.5555911974481201)",1.0,1.0,1
"(0.6681715002032795, 0.3799935486183291)",-1.0,-1.0,1
"(0.5215942200840222, 0.25543887315866814)",1.0,1.0,1
"(0.5275269345439761, 0.2987455646751012)",1.0,1.0,1
"(0.5212633825721642, 0.22637181463029998)",1.0,1.0,1
"(0.4180308984957311, 0.5716623060105372)",-1.0,-1.0,1
"(0.6363497763924651, 0.24637109781011432)",-1.0,-1.0,1
"(0.5963748475403171, 0.721174868284291)",-1.0,-1.0,1
"(0.576926073993766, 0.3199347693631053)",-1.0,-1.0,1
"(0.7780525816506302, 0.6963191283466543)",-1.0,-1.0,1
"(0.560963545195826, 0.6916956381491703)",-1.0,-1.0,1
"(0.3458124407101233, 0.4668327300096771)",-1.0,-1.0,1
"(0.3562322130369968, 0.2817354216694742)",-1.0,1.0,1
"(0.5269648665130776, 0.26540804989068495)",1.0,1.0,1
"(0.7585038623119663, 0.43848069961650116)",1.0,1.0,1
"(0.3432714459953923, 0.5165101609261317)",-1.0,-1.0,1
"(0.5878913131860686, 0.7057632342926777)",1.0,1.0,1
"(0.39150630166689254, 0.5486900111107129)",-1.0,-1.0,1
"(0.23919230248001083, 0.33621375577936274)",-1.0,-1.0,1
"(0.5529475538690879, 0.22945414142862264)",1.0,1.0,1
"(0.26118037674481637, 0.6156947779649475)",1.0,-1.0,1
"(0.20866648597370913, 0.16458191462671587)",-1.0,1.0,1
"(0.94918010570538, 0.5890021863015663)",-1.0,-1.0,1
"(0.31198333107467136, 0.30407870685638505)",-1.0,1.0,1
"(0.6075382843203686, 0.6543672269811118)",1.0,1.0,1
"(0.7997526765144328, 0.32726963191283465)",1.0,1.0,1
"(0.46529170619325105, 0.17827318017275365)",1.0,1.0,1
"(0.5557968559425397, 0.7750618257410129)",1.0,1.0,1
"(0.7204058815557663, 0.5447475000896026)",1.0,1.0,1
"(0.21798346659438947, 0.1364825633489839)",-1.0,-1.0,1
"(0.6675243935492614, 0.5346510877746318)",1.0,1.0,1
"(0.23294145548177259, 0.3105032077703308)",-1.0,1.0,1
"(0.5867393955820571, 0.6007006917314792)",1.0,1.0,1
"(0.33149817048380537, 0.23755420952654027)",1.0,-1.0,1
"(0.5992427835750102, 0.5547847747392567)",1.0,1.0,1
"(0.49349166553733564, 0.22751872692735026)",1.0,1.0,1
"(0.6320605773139991, 0.7353858284649296)",-1.0,-1.0,1
"(0.7108009215340831, 0.46432565141034376)",1.0,1.0,1
"(0.4930884943759317, 0.41875685459302536)",-1.0,-1.0,1
"(0.32955007453584495, 0.4820866635604459)",-1.0,-1.0,1
"(0.6304970185662013, 0.6882549012580195)",-1.0,-1.0,1
"(0.19618173194199753, 0.5356600121859432)",1.0,-1.0,-1
"(0.4088833175226995, 0.5703290204652164)",1.0,1.0,1
"(0.6705939151646565, 0.530753378015125)",1.0,1.0,1
"(0.6949451145141617, 0.49863445754632457)",1.0,1.0,1
"(0.5056223743054614, 0.3482760474534963)",-1.0,-1.0,1
"(0.510453313457108, 0.2271065553205978)",1.0,1.0,1
"(0.7182545060306275, 0.555741729687108)",1.0,1.0,1
"(0.3501490716899309, 0.5007795419519013)",-1.0,-1.0,1
"(0.3779221439219406, 0.5862245080821475)",1.0,1.0,1
"(0.4153188101368749, 0.29287659940503924)",1.0,-1.0,1
"(0.27578262637213713, 0.3741926812659045)",-1.0,1.0,1
"(0.3037674481637078, 0.6354969355937063)",1.0,1.0,1
"(0.5349490107060577, 0.2913013870470592)",1.0,1.0,1
"(0.508712901477165, 0.18986774667574638)",1.0,1.0,1
"(0.4608398834530424, 0.25463603455073297)",1.0,-1.0,1
"(0.39804682206261005, 0.15424178344862194)",1.0,-1.0,1
"(0.8495561729231603, 0.6678613669760941)",-1.0,-1.0,1
"(0.4555596964358314, 0.21843303107415504)",1.0,-1.0,1
"(0.36785302886569987, 0.32400989211856207)",-1.0,-1.0,1
"(0.5773139991868816, 0.6775922009963801)",1.0,1.0,1
"(0.3397140533947689, 0.2720422207089352)",-1.0,-1.0,1
"(0.3911437864209242, 0.4072721407834845)",-1.0,1.0,1
"(0.24095405881555765, 0.11714633884090175)",-1.0,1.0,1
"(0.6059764195690472, 0.4043367621232214)",-1.0,-1.0,1
"(0.6103570944572435, 0.5603831403892333)",1.0,1.0,1
"(0.5889957988887383, 0.7124475825239239)",-1.0,-1.0,1
"(0.7013314812305191, 0.3102415684025662)",-1.0,-1.0,1
"(0.6939795365225641, 0.29436937744166874)",-1.0,-1.0,1
"(0.48003286353164387, 0.7004587649188201)",1.0,1.0,1
"(0.3593932104621222, 0.26420379197878213)",1.0,1.0,1
"(0.5634875999457921, 0.20164151822515322)",1.0,1.0,1
"(0.5460123322943489, 0.7945951758001505)",1.0,1.0,1
"(0.8987498306003524, 0.06268592523565467)",1.0,1.0,1
"(0.24476555088765412, 0.20011827533063328)",-1.0,-1.0,1
"(0.22843542485431628, 0.3342890935808753)",-1.0,-1.0,1
"(0.6810238514703889, 0.36037418013691264)",-1.0,-1.0,1
"(0.5561932511180376, 0.20051252643274436)",1.0,1.0,1
"(0.6353892803902967, 0.7310490663417082)",1.0,1.0,1
"(0.7682951619460632, 0.4764112397405111)",1.0,1.0,1
"(0.4983585174142838, 0.7147951686319487)",1.0,1.0,1
"(0.47791197994308166, 0.7142933945019893)",1.0,1.0,1
"(0.7809323756606585, 0.5009229059890327)",1.0,1.0,1
"(0.24844152324163163, 0.6111429697860292)",1.0,-1.0,1
"(0.8963443556037403, 0.3083957564245009)",1.0,1.0,1
"(0.6416282694131996, 0.5680029389627612)",1.0,1.0,1
"(0.7725301531372814, 0.6774846779685316)",-1.0,-1.0,1
"(0.7485262230654559, 0.6977348482133258)",-1.0,-1.0,1
"(0.6452297059222116, 0.5635855345686535)",1.0,1.0,1
"(0.5153421872882504, 0.20603204186229884)",1.0,1.0,1
"(0.4469626643176582, 0.7321959786387585)",1.0,1.0,1
"(0.20854790622035504, 0.2524031396724132)",-1.0,1.0,1
"(0.7152900121967747, 0.6184366151750833)",1.0,1.0,1
"(0.713900935086055, 0.2648148811870542)",-1.0,-1.0,1
"(0.3310407914351538, 0.43361313214580127)",-1.0,-1.0,1
"(0.8380539368478113, 0.38946274327085056)",1.0,1.0,1
"(0.6525477707006369, 0.367784308806136)",-1.0,-1.0,1
"(0.8622442065320504, 0.733790903551844)",-1.0,-1.0,1
"(0.586481908117631, 0.7141321099602165)",1.0,1.0,1
"(0.39950365903238916, 0.2651786674312749)",1.0,-1.0,1
"(0.3468457785607806, 0.5492778036629512)",1.0,-1.0,1
"(0.624451145141618, 0.3967080032973729)",-1.0,-1.0,1
"(0.3611837647377693, 0.5236263933192359)",1.0,-1.0,1
"(0.519896327415639, 0.2233253288412602)",1.0,1.0,1
"(0.5144491123458463, 0.42455879717572853)",-1.0,-1.0,1
"(0.7682782219812981, 0.24219562022866564)",-1.0,-1.0,1
"(0.4250643718661065, 0.18812945772552953)",1.0,1.0,1
"(0.31279644938338524, 0.36452815311279163)",-1.0,-1.0,1
"(0.556145819216696, 0.7358159205763235)",1.0,1.0,1
"(0.47674142837782896, 0.21393498440916098)",1.0,1.0,1
"(0.323926006233907, 0.5819755564316691)",1.0,-1.0,1
"(0.5922635180918824, 0.3008530160209312)",-1.0,-1.0,1
"(0.3617444775714866, 0.21415003046485787)",1.0,-1.0,1
"(0.5164475199891584, 0.48490735099100396)",-1.0,-1.0,1
"(0.5141474115733838, 0.23789469911472708)",1.0,1.0,1
"(0.44937999728960565, 0.2861510340131178)",1.0,-1.0,1
"(0.5631352486786827, 0.5992831798143435)",1.0,1.0,1
"(0.5888297872340426, 0.705207698648794)",1.0,1.0,1
"(0.5926616072638569, 0.4173205261460163)",-1.0,-1.0,1
"(0.4790655915435696, 0.21307480018637323)",1.0,1.0,1
"(0.24147919772326873, 0.32717106913730687)",-1.0,-1.0,1
"(0.40143650901206124, 0.4614386581126125)",-1.0,-1.0,1
"(0.29499254641550343, 0.30421311064119566)",-1.0,1.0,1
"(0.49590730451280657, 0.36767320167735923)",-1.0,-1.0,1
"(0.44519582599268187, 0.30092290598903265)",1.0,1.0,1
"(0.5817251660116547, 0.590204652163005)",1.0,1.0,1
"(0.49164690337444095, 0.2002437188631232)",1.0,1.0,1
"(0.6504251931155983, 0.720565571126483)",-1.0,-1.0,1
"(0.39354926141753627, 0.2126626285796208)",1.0,-1.0,1
"(0.6064846185119935, 0.4190251245475073)",-1.0,-1.0,1
"(0.8596523919230248, 0.5022651517866743)",1.0,1.0,1
"(0.5589883453042418, 0.8188774595892621)",1.0,1.0,1
"(0.35136874915300176, 0.4220459840149099)",-1.0,-1.0,1
"(0.6004099471473099, 0.584692304935307)",1.0,1.0,1
"(0.7295195825992682, 0.4717590767356009)",1.0,1.0,1
"(0.20587139178750505, 0.4944428515106986)",1.0,-1.0,-1
"(0.36925735194470793, 0.31876456041002116)",-1.0,-1.0,1
"(0.5909489768261281, 0.16286154618114043)",1.0,1.0,1
"(0.4968220626101097, 0.7578581412852586)",1.0,1.0,1
"(0.41194267515923566, 0.1933801655854629)",1.0,-1.0,1
"(0.7588426616072638, 0.4554066162503136)",1.0,1.0,1
"(0.4769701179021547, 0.4359442313895559)",-1.0,-1.0,1
"(0.5959936983331074, 0.3390469875631698)",-1.0,-1.0,1
"(0.3574501965035913, 0.16119493924948927)",1.0,1.0,1
"(0.41321317251660117, 0.49369556646715174)",-1.0,1.0,1
"(0.49667129692370243, 0.491729687107989)",-1.0,-1.0,1
"(0.6747730044721507, 0.2945521665890111)",-1.0,-1.0,1
"(0.6799854316303021, 0.5817981434357192)",1.0,1.0,1
"(0.694775714866513, 0.7091143686606215)",-1.0,-1.0,1
"(0.6668484889551429, 0.31831833984445)",-1.0,-1.0,1
"(0.7697519989158422, 0.1093688398265295)",-1.0,-1.0,1
"(0.558947689388806, 0.20198200781334003)",1.0,1.0,1
"(0.60875287979401, 0.441039926884341)",1.0,1.0,1
"(0.6278289741157338, 0.23567255653919214)",-1.0,-1.0,1
"(0.7702771378235533, 0.4025608401132576)",1.0,1.0,1
"(0.31858991733297193, 0.2962958316906204)",-1.0,-1.0,1
"(0.7772564033066812, 0.541654420988495)",1.0,1.0,1
"(0.6627100555630844, 0.5173398802910291)",1.0,1.0,1
"(0.4364158422550481, 0.2354754309881366)",1.0,1.0,1
"(0.31711614039842795, 0.40847639869538727)",-1.0,-1.0,1
"(0.5948570266973844, 0.8448084298053834)",1.0,1.0,1
"(0.4150935086055021, 0.5210960180638687)",-1.0,1.0,1
"(0.5352366513077652, 0.2027525895129207)",1.0,1.0,1
"(0.8117292316031983, 0.3282086663560446)",1.0,1.0,1
"(0.6840527171703483, 0.6804415612343644)",1.0,1.0,1
"(0.6128100013551971, 0.2407978208666356)",-1.0,-1.0,1
"(0.5327911979943082, 0.4025715924160424)",-1.0,-1.0,1
"(0.3822316709581243, 0.3256048170316476)",1.0,1.0,1
"(0.5533117631115327, 0.2355650335113437)",1.0,1.0,1
"(0.5152483398834531, 0.6998315472563708)",1.0,1.0,1
"(0.4324654424718796, 0.38755062542561197)",-1.0,-1.0,1
"(0.4330176853232145, 0.17603311709257732)",1.0,1.0,1
"(0.6190794823146768, 0.7071431131500663)",-1.0,-1.0,1
"(0.4877269955278493, 0.3677269631912835)",-1.0,-1.0,1
"(0.5137428852147987, 0.1585785455718433)",1.0,1.0,1
"(0.7330430952703618, 0.4831887745958926)",1.0,1.0,1
"(0.7258436102452906, 0.13169778860972725)",-1.0,-1.0,1
"(0.8290757555224284, 0.6635962868714383)",-1.0,-1.0,1
"(0.485633215882911, 0.19769900720404288)",1.0,1.0,1
"(0.5232943505217509, 0.7864592666929502)",-1.0,-1.0,1
"(0.5596049600216831, 0.3469499301100319)",-1.0,-1.0,1
"(0.7609940371324028, 0.5807712985197663)",1.0,1.0,1
"(0.741699417265212, 0.4782570517185764)",1.0,1.0,1
"(0.6545280525816506, 0.20886348159564175)",-1.0,-1.0,1
"(0.2357365496679767, 0.5837855274004516)",1.0,-1.0,1
"(0.5045619325111803, 0.18911508548080713)",1.0,1.0,1
"(0.7230315760943218, 0.4215601591340812)",1.0,1.0,1
"(0.26705854451822736, 0.3153130712160854)",-1.0,-1.0,1
"(0.44982213036996876, 0.2190244077273216)",1.0,1.0,1
"(0.3564456565930343, 0.19943729615425973)",1.0,-1.0,1
"(0.6509401680444504, 0.5675459660944052)",1.0,1.0,1
"(0.38390872746984683, 0.6248521558367084)",1.0,-1.0,1
"(0.5374427429190947, 0.26999032292749364)",-1.0,-1.0,1
"(0.08290418755928985, 0.4664115981506039)",1.0,1.0,-1
"(0.6577771378235533, 0.5774147880004301)",1.0,1.0,1
"(0.8071046212223878, 0.2522848643417799)",1.0,1.0,1
"(0.7800345575281202, 0.3639296082577685)",1.0,1.0,1
"(0.7342627727334328, 0.688057775706964)",-1.0,-1.0,1
"(0.6643024122509824, 0.6654779398587864)",1.0,1.0,1
"(0.6467221168179971, 0.5623293071932906)",1.0,1.0,1
"(0.4831345710800921, 0.7395433855417368)",-1.0,-1.0,1
"(0.24134367800514972, 0.20235833841080966)",-1.0,-1.0,1
"(0.6215849031034015, 0.6365004838536253)",1.0,1.0,1
"(0.4470575281203415, 0.5664940324719545)",-1.0,-1.0,1
"(0.256420246645887, 0.5328966703702376)",1.0,1.0,1
"(0.4999356281338934, 0.3625461452994516)",-1.0,-1.0,1
"(0.5023411031305055, 0.46005340310383147)",-1.0,-1.0,1
"(0.5941557121561186, 0.30018278914734237)",-1.0,-1.0,1
"(0.38499796720422813, 0.28732303501666606)",1.0,1.0,1
"(0.6521174955956092, 0.2193290563062256)",-1.0,-1.0,1
"(0.6703364277002304, 0.2145622020716103)",-1.0,-1.0,1
"(0.265906626914216, 0.5457546324504499)",1.0,-1.0,1
"(0.6579787234042552, 0.608168166015555)",1.0,1.0,1
"(0.2826941319962054, 0.5335758574961471)",-1.0,-1.0,1
"(0.4987583005827348, 0.27185405541020036)",1.0,1.0,1
"(0.22254031711614036, 0.2349378158488943)",-1.0,-1.0,1
"(0.4408693589917333, 0.3315741371277015)",-1.0,1.0,1
"(0.44304783846049595, 0.47478764201999935)",-1.0,1.0,1
"(0.3411031305054885, 0.5566664277266048)",1.0,1.0,1
"(0.4777866242038216, 0.16438478907566037)",1.0,1.0,1
"(0.8778628540452635, 0.6247804738181427)",-1.0,-1.0,1
"(0.23485567150020326, 0.27618006523063693)",-1.0,-1.0,1
"(0.5129973573654967, 0.48108132325006275)",-1.0,-1.0,1
"(0.620036590323892, 0.6812838249525107)",1.0,1.0,1
"(0.2533710529882098, 0.45917709042686644)",1.0,-1.0,1
"(0.5229130641008266, 0.51948675674707)",-1.0,-1.0,1
"(0.7740886298956497, 0.7458693236801548)",-1.0,-1.0,1
"(0.5773732890635588, 0.7154761478083222)",-1.0,-1.0,1
"(0.2827618918552649, 0.476930934375112)",1.0,1.0,1
"(0.44143345981840354, 0.2126805490842622)",1.0,1.0,1
"(0.5449857704295975, 0.6460879538367801)",1.0,1.0,1
"(0.639036454804174, 0.4213535357155657)",-1.0,-1.0,1
"(0.6310594253963951, 0.5277642378409376)",-1.0,-1.0,1
"(0.6887806613362245, 0.6490269165979714)",1.0,1.0,1
"(0.6941319962054479, 0.7539156302641483)",-1.0,-1.0,1
"(0.37929258707141894, 0.20135479015089064)",1.0,1.0,1
"(0.79744884130641, 0.22026092254757892)",-1.0,-1.0,1
"(0.24712020598997153, 0.22038636608006884)",-1.0,1.0,1
"(0.7617902154763518, 0.5762589154510591)",1.0,1.0,1
"(0.29075755522428515, 0.40544604136052476)",-1.0,-1.0,1
"(0.7847438677327552, 0.6505322389878498)",-1.0,-1.0,1
"(0.6462816777341103, 0.6650836887566753)",1.0,1.0,1
"(0.9349844152324164, 0.5832676248163149)",-1.0,-1.0,1
"(0.7420890364548042, 0.3575803734633167)",1.0,1.0,1
"(0.2754777070063694, 0.26467151714992293)",-1.0,-1.0,1
"(0.7226588968694945, 0.5376456041002114)",1.0,1.0,1
"(1.0, 0.660836529156661)",-1.0,-1.0,1
"(0.551936237972625, 0.2371241174151464)",1.0,1.0,1
"(0.49952737498306005, 0.4063044335328483)",-1.0,-1.0,1
"(0.6275155847675836, 0.423485358947708)",-1.0,-1.0,1
"(0.3666197994308172, 0.5519784237124117)",1.0,-1.0,1
"(0.2147818132538284, 0.3663918855954984)",-1.0,-1.0,1
"(0.6241682477300448, 0.5254524927421956)",-1.0,-1.0,1
"(0.2996340967610787, 0.355399448048457)",-1.0,-1.0,1
"(0.7165266296246103, 0.2593939285330275)",-1.0,-1.0,1
"(0.6026443284997967, 0.6041987742374826)",1.0,1.0,1
"(0.29910895785336766, 0.520121142611376)",-1.0,-1.0,1
"(0.6594880742648055, 0.6703164761119673)",1.0,1.0,1
"(0.5715256132267245, 0.8408300777749902)",1.0,1.0,1
"(0.7558442878438812, 0.36825024192681266)",-1.0,-1.0,1
"(0.6208480146361296, 0.3935324898749149)",-1.0,-1.0,1
"(0.805224285133487, 0.35873983011361604)",1.0,1.0,1
"(0.5245378100013552, 0.42968083581233646)",-1.0,-1.0,1
"(0.6374491801057054, 0.45837425181893127)",-1.0,-1.0,1
"(0.3018024122509825, 0.3701551915701946)",-1.0,-1.0,1
"(0.4161488684103537, 0.21592416042435755)",1.0,-1.0,1
"(0.3917485431630302, 0.18907924447152433)",1.0,1.0,1
"(0.43537064642905543, 0.1550661266621268)",1.0,-1.0,1
"(0.7441895920856484, 0.3655980072398839)",1.0,1.0,1
"(0.2871493427293671, 0.6236335615210925)",1.0,-1.0,1
"(0.40844965442471876, 0.5235995125622738)",-1.0,-1.0,1
"(0.41643007182545055, 0.6695279739077453)",1.0,1.0,1
"(0.6841543569589374, 0.5032579477438085)",1.0,1.0,1
"(0.21774630708768122, 0.5223773341457295)",1.0,1.0,1
"(0.5964697113430004, 0.47532167305831335)",1.0,1.0,1
"(0.4834089985092831, 0.150711444034264)",1.0,1.0,1
"(0.20632877083615667, 0.21825382602774096)",-1.0,-1.0,1
"(0.3973759994579211, 0.3531683452206014)",-1.0,-1.0,1
"(0.43325823282287573, 0.6028529443389127)",1.0,1.0,1
"(0.6166621493427293, 0.5811512132181642)",1.0,1.0,1
"(0.6070707412928581, 0.2458155621662306)",1.0,1.0,1
"(0.5793874508741022, 0.16185799792122146)",1.0,1.0,1
"(0.745714188914487, 0.46475395147127346)",1.0,1.0,1
"(0.5459987803225369, 0.38681588473531414)",-1.0,-1.0,1
"(0.7183561458192167, 0.12494175835991539)",-1.0,-1.0,1
"(0.3907372272665673, 0.5944571879144117)",1.0,1.0,1
"(0.39352893345981843, 0.19501093150783125)",1.0,-1.0,1
"(0.33043095270361833, 0.338998602200638)",-1.0,-1.0,1
"(0.5024207209649004, 0.2572470520769865)",1.0,1.0,1
"(0.3116953516736685, 0.22413175155012366)",-1.0,1.0,1
"(0.7478825044043907, 0.7190602487366045)",-1.0,-1.0,1
"(0.4288555359804851, 0.11759435145693702)",1.0,1.0,1
"(0.6562406830193793, 0.6018045948173901)",1.0,1.0,1
"(0.22982450196503587, 0.19481380595677575)",-1.0,-1.0,1
"(0.44787403442200835, 0.198971363033583)",1.0,-1.0,1
"(0.4397191353841984, 0.20934733522095983)",1.0,-1.0,1
"(0.4201416181054343, 0.3727464965413426)",-1.0,-1.0,1
"(0.5699332565388264, 0.25065589046987563)",1.0,1.0,1
"(0.4244274291909473, 0.4443618508297194)",-1.0,1.0,1
"(0.5833039707277409, 0.6180782050822551)",1.0,1.0,1
"(0.6883334462664318, 0.25715028135192286)",-1.0,-1.0,1
"(0.5212462732077517, 0.2001003548259919)",1.0,1.0,1
"(0.5116164114378642, 0.2669904304505215)",1.0,1.0,1
"(0.6222658896869494, 0.5491702806351026)",1.0,1.0,1
"(0.33488616343678, 0.3105551772337909)",-1.0,1.0,1
"(0.4951754980349641, 0.31416615891903515)",-1.0,-1.0,1
"(0.5765940506843746, 0.757392208164582)",1.0,1.0,1
"(0.5442980078601436, 0.204992652593097)",1.0,1.0,1
"(0.5048532999051362, 0.2642665137450271)",1.0,1.0,1
"(0.46039944436915564, 0.17947385398372817)",1.0,1.0,1
"(0.7569623255183628, 0.4510949428335902)",1.0,1.0,1
"(0.7550819894294619, 0.6876097630909287)",-1.0,-1.0,1
"(0.39911065184984407, 0.6517508333034658)",1.0,-1.0,1
"(0.5076363667163573, 0.7001003548259919)",1.0,1.0,1
"(0.25282897411573385, 0.3305598365649977)",-1.0,-1.0,1
"(0.3689524325789402, 0.6677717644528871)",1.0,1.0,1
"(0.372528459140805, 0.5339055947815491)",1.0,-1.0,1
"(0.460355400460767, 0.22909573133579442)",1.0,1.0,1
"(0.5777087003659033, 0.49807712985197666)",-1.0,-1.0,1
"(0.41076195961512396, 0.2414071180244436)",1.0,1.0,1
"(0.4754133351402629, 0.7643991254793735)",-1.0,-1.0,1
"(0.3527239463341916, 0.3898193613132146)",-1.0,-1.0,1
"(0.6752591814609025, 0.1994193756496183)",-1.0,-1.0,1
"(0.5537826941319962, 0.752679115443891)",1.0,1.0,1
"(0.22992614175362514, 0.19062040787068563)",-1.0,1.0,1
"(0.6198739666621492, 0.7174653238235188)",-1.0,-1.0,1
"(0.2703957175769074, 0.5019372065517366)",1.0,-1.0,1
"(0.6883605502100556, 0.5848052041145478)",1.0,1.0,1
"(0.49994409811627594, 0.20072757248844125)",1.0,1.0,1
"(0.5308556376202738, 0.7920683846457117)",-1.0,-1.0,1
"(0.4959056105163301, 0.7568545930253396)",1.0,1.0,1
"(0.6755539368478114, 0.29872406006953156)",-1.0,-1.0,1
"(0.5411217644667299, 0.7438801476649582)",1.0,1.0,1
"(0.7731399918688169, 0.1688290742267302)",-1.0,-1.0,1
"(0.5130573248407644, 0.17653489122253682)",1.0,1.0,1
"(0.7301294213308037, 0.4244777964947493)",1.0,1.0,1
"(0.330346252879794, 0.5150944410594602)",1.0,1.0,1
"(0.7148665130776528, 0.6927350274183721)",1.0,1.0,1
"(0.6887857433256539, 0.17906168237697573)",-1.0,-1.0,1
"(0.6823028188101369, 0.38183219239453786)",-1.0,-1.0,1
"(0.26062135790757557, 0.30877746317336296)",-1.0,1.0,1
"(0.57660590865971, 0.20273466900827927)",1.0,1.0,1
"(0.46487667705651164, 0.15902655818787859)",1.0,1.0,1
"(0.36462257758503863, 0.41215601591340817)",-1.0,-1.0,1
"(0.49162488142024663, 0.24874914877602952)",1.0,1.0,1
"(0.3989869901070605, 0.2145622020716103)",1.0,1.0,1
"(0.7630268329041875, 0.7202430020429376)",-1.0,-1.0,1
"(0.2155610516330126, 0.3012311386688649)",-1.0,-1.0,1
"(0.647382775443827, 0.515954625282248)",1.0,1.0,1
"(0.5978943623797263, 0.2880613598078922)",1.0,1.0,1
"(0.7214900393007183, 0.5190584566861403)",1.0,1.0,1
"(0.6452195419433527, 0.44156015913408125)",-1.0,-1.0,1
"(0.5583615666079415, 0.6415719866671445)",1.0,1.0,1
"(0.40231230519040523, 0.4429513279093939)",-1.0,1.0,1
"(0.27253015313728146, 0.20705351062685926)",-1.0,1.0,1
"(0.6564642905542756, 0.3199347693631053)",-1.0,-1.0,1
"(0.4932545060306274, 0.38487509408264936)",-1.0,-1.0,1
"(0.5059764195690473, 0.1203899501809971)",1.0,1.0,1
"(0.7281982653476081, 0.490993154367227)",1.0,1.0,1
"(0.2980417400731806, 0.35731156589369556)",-1.0,1.0,1
"(0.6797194741834938, 0.47156911938640195)",1.0,1.0,1
"(0.5202505420788724, 0.15058600050177412)",1.0,1.0,1
"(0.5714019514839409, 0.14813089136590088)",1.0,1.0,1
"(0.47171872882504406, 0.6385613418873876)",1.0,-1.0,1
"(0.765110448570267, 0.516780760546217)",1.0,1.0,1
"(0.6900071147852013, 0.5369932977312641)",1.0,1.0,1
"(0.4432799159777747, 0.1500304648578904)",1.0,-1.0,1
"(0.337698197587749, 0.45352317121250135)",-1.0,1.0,1
"(0.48936678411708906, 0.5343446471452636)",-1.0,-1.0,1
"(0.42067522699552784, 0.24897136303358305)",1.0,-1.0,1
"(0.44427429190947276, 0.25828285724526)",1.0,1.0,1
"(0.34786217644667294, 0.5389000394251102)",1.0,1.0,1
"(0.25459073045128067, 0.4523816350668435)",1.0,-1.0,1
"(0.34984415232416316, 0.5796942761908176)",1.0,-1.0,1
"(0.569980688440168, 0.6384000573456149)",1.0,1.0,1
"(0.7412759181460902, 0.6199956990788861)",1.0,1.0,1
"(0.08932443420517683, 0.41351815347120174)",1.0,-1.0,-1
"(0.23480485160590864, 0.5832712089172432)",1.0,-1.0,1
"(0.6073638026832904, 0.7000107523027849)",1.0,1.0,1
"(0.48727808646158016, 0.565587254937099)",-1.0,-1.0,1
"(0.647723268735601, 0.38954876169312924)",-1.0,-1.0,1
"(0.6507165605095542, 0.7101179169205406)",1.0,1.0,1
"(0.5996544247187965, 0.4089674205225619)",-1.0,-1.0,1
"(0.2445283913809459, 0.29808250600336905)",-1.0,-1.0,1
"(0.37020260197858784, 0.5983280169169564)",1.0,-1.0,1
"(0.7391584225504811, 0.3065839934052543)",-1.0,-1.0,1
"(0.6346202059899716, 0.5788502204222071)",1.0,1.0,1
"(0.7516939964764874, 0.6654958603634279)",-1.0,-1.0,1
"(0.57386671635723, 0.2702662986989714)",1.0,1.0,1
"(0.4077889957988887, 0.4525590480627935)",-1.0,1.0,1
"(0.5249397276053666, 0.3498207949535859)",-1.0,-1.0,1
"(0.7336190540723676, 0.47652234686928785)",1.0,1.0,1
"(0.358951077381759, 0.26527543815633847)",-1.0,1.0,1
"(0.6701805800243935, 0.2631446901544748)",-1.0,-1.0,1
"(0.6198163707819487, 0.513782660119709)",-1.0,-1.0,1
"(0.4735042011112617, 0.5288968137342748)",-1.0,-1.0,1
"(0.3093915164656457, 0.37453675495501954)",-1.0,1.0,1
"(0.45028459140804983, 0.6306583993405254)",1.0,-1.0,1
"(0.34333920585445177, 0.5467653489122254)",1.0,1.0,1
"(0.7369392871662827, 0.36877531271280595)",-1.0,-1.0,1
"(0.683492004336631, 0.48302211390272753)",1.0,1.0,1
"(0.5821672990920178, 0.38421920361277373)",-1.0,-1.0,1
"(0.532313321588291, 0.6822873732124296)",1.0,1.0,1
"(0.4434306816641821, 0.22013547901508906)",1.0,1.0,1
"(0.37508469982382436, 0.24791226120927568)",1.0,-1.0,1
"(0.26587274698468627, 0.20760904627074298)",-1.0,1.0,1
"(0.7059391516465646, 0.43048725852119996)",1.0,1.0,1
"(0.5108808781677734, 0.7802408515823805)",-1.0,-1.0,1
"(0.6169958666485973, 0.6144761836493315)",1.0,1.0,1
"(0.6446757690744003, 0.5148543062972654)",1.0,1.0,1
"(0.5104199417265212, 0.4275955109135874)",-1.0,-1.0,1
"(0.3123390703347337, 0.581135084763987)",1.0,1.0,1
"(0.3416452093779645, 0.42451381670907856)",-1.0,1.0,1
"(0.4160946605231061, 0.7225368266370382)",1.0,1.0,1
"(0.3123221303699688, 0.44617218020859467)",-1.0,-1.0,1
"(0.6187525409947147, 0.545933837496864)",1.0,1.0,1
"(0.35223268735601027, 0.3997759936919824)",-1.0,1.0,1
"(0.30139585309662553, 0.3641930396759973)",-1.0,-1.0,1
"(0.7201687220490581, 0.363642880183506)",-1.0,-1.0,1
"(0.2667705651172246, 0.28976022364789794)",-1.0,1.0,1
"(0.648846388399512, 0.6690261997777858)",-1.0,-1.0,1
"(0.5238742546415504, 0.2532041862298842)",1.0,1.0,1
"(0.7482043637349235, 0.5753485538152755)",1.0,1.0,1
"(0.5324440981162759, 0.24506290097129135)",1.0,1.0,1
"(0.5264878371052988, 0.727984660048027)",1.0,1.0,1
"(0.4809560916113294, 0.5791405325973981)",-1.0,-1.0,1
"(0.39550921534083205, 0.29154510591018246)",-1.0,1.0,1
"(0.18615327280119257, 0.26411777355650334)",-1.0,-1.0,-1
"(0.8440168044450468, 0.5770169527973907)",-1.0,-1.0,1
"(0.32338392736143107, 0.2916759255940647)",-1.0,1.0,1
"(0.36231196639110985, 0.1944016343500233)",1.0,-1.0,1
"(0.5628557392600623, 0.19606824128167447)",1.0,1.0,1
"(0.600928310069115, 0.3994104153972976)",-1.0,-1.0,1
"(0.7540655915435696, 0.4737267481452278)",1.0,1.0,1
"(0.6042146632335005, 0.754901258019426)",1.0,1.0,1
"(0.42243698333107466, 0.25040679545536004)",1.0,1.0,1
"(0.2584869223472015, 0.5196211605318806)",1.0,1.0,1
"(0.4332599268193522, 0.3955503386975377)",-1.0,1.0,1
"(0.4428411708903645, 0.15983298089674206)",1.0,1.0,1
"(0.8677158151511045, 0.6645281531127917)",-1.0,-1.0,1
"(0.38737125626778696, 0.21065553205978282)",1.0,-1.0,1
"(0.7476961647919773, 0.16300491021827176)",-1.0,-1.0,1
"(0.6095050142295704, 0.3682144009175299)",-1.0,-1.0,1
"(0.3448638026832904, 0.3558743414214544)",-1.0,-1.0,1
"(0.6237091746849167, 0.4696444571879144)",-1.0,-1.0,1
"(0.4998526223065456, 0.4512974445360381)",-1.0,-1.0,1
"(0.6299075077923838, 0.3170298555607326)",-1.0,-1.0,1
"(0.829024935628134, 0.24807354575104834)",1.0,1.0,1
"(0.6158473370375389, 0.22699903229274937)",1.0,1.0,1
"(0.8688677327551158, 0.6718397190064872)",-1.0,-1.0,1
"(0.9317319419975606, 0.5970699974911293)",-1.0,-1.0,1
"(0.6351131589646294, 0.6192967993978711)",1.0,1.0,1
"(0.6376778696300311, 0.5470484928855597)",1.0,1.0,1
"(0.7054987125626778, 0.5060445862155479)",1.0,1.0,1
"(0.7361769887518633, 0.5707196874663991)",1.0,1.0,1
"(0.5723776934543976, 0.534755026701552)",-1.0,-1.0,1
"(0.2685323214527714, 0.27907064262929643)",-1.0,1.0,1
"(0.45315083344626644, 0.5105085839217233)",-1.0,-1.0,1
"(0.4665876134977639, 0.2824647862083796)",1.0,-1.0,1
"(0.2768159642227944, 0.3955646751012508)",-1.0,-1.0,1
"(0.7515415367936034, 0.4686140281710333)",1.0,1.0,1
"(0.5769243799972896, 0.6840077416580052)",-1.0,-1.0,1
"(0.6528730180241225, 0.781656571449052)",-1.0,-1.0,1
"(0.5393495053530288, 0.6859073151499946)",1.0,1.0,1
"(0.2427496950806342, 0.5771280599261676)",1.0,-1.0,1
"(0.2804919365767719, 0.47144367585391206)",1.0,1.0,1
"(0.6083107467136468, 0.4374687287194008)",-1.0,-1.0,1
"(0.7361600487870985, 0.39517938425146054)",-1.0,-1.0,1
"(0.5220288656999593, 0.18076413031790975)",1.0,1.0,1
"(0.47339747933324294, 0.19965234220995662)",1.0,1.0,1
"(0.42872001626236617, 0.4382126088670657)",-1.0,-1.0,1
"(0.18740683019379317, 0.3101017884663632)",-1.0,1.0,-1
"(0.42196435831413476, 0.33417261030070605)",-1.0,-1.0,1
"(0.7709547364141482, 0.23751836851725744)",-1.0,-1.0,1
"(0.6534337308578397, 0.2631518583563313)",-1.0,-1.0,1
"(0.3253320233093915, 0.621339736926992)",1.0,1.0,1
"(0.3230620680308985, 0.33404895881868035)",-1.0,-1.0,1
"(0.7256403306681122, 0.47937529120820044)",1.0,1.0,1
"(0.3817963138636672, 0.18445575427404035)",1.0,-1.0,1
"(0.3873102723946334, 0.3012006738109745)",1.0,1.0,1
"(0.42740886298956493, 0.12309594638185009)",1.0,1.0,1
"(0.5645903916519853, 0.7168381061610695)",1.0,1.0,1
"(0.47454939693725434, 0.4966166087237017)",-1.0,1.0,1
"(0.6019176040113836, 0.19902512454750723)",1.0,1.0,1
"(0.3460834801463613, 0.6007168201856564)",1.0,-1.0,1
"(0.708683425938474, 0.3311942224293036)",-1.0,-1.0,1
"(0.6664554817725978, 0.6454248951650479)",1.0,1.0,1
"(0.647653814880065, 0.5935539944804846)",1.0,1.0,1
"(0.4152561322672449, 0.246138131249776)",1.0,-1.0,1
"(0.3123390703347337, 0.3099333357227339)",-1.0,-1.0,1
"(0.7857263856891178, 0.5138794308447726)",1.0,1.0,1
"(0.7256233907033474, 0.5268735887602595)",1.0,1.0,1
"(0.4415486515788047, 0.6347263538941257)",1.0,-1.0,1
"(0.7690913402900121, 0.4685692269094298)",1.0,1.0,1
"(0.5619104892261824, 0.7338625855704098)",-1.0,-1.0,1
"(0.5474251253557393, 0.3024784057919071)",-1.0,-1.0,1
"(0.7253523512671094, 0.5341009282821404)",1.0,1.0,1
"(0.7380403848759994, 0.5664994086233468)",1.0,1.0,1
"(0.6296957582328229, 0.46956202286656396)",1.0,1.0,1
"(0.284625287979401, 0.5878266011970897)",1.0,1.0,1
"(0.5274447757148665, 0.44254112755815206)",-1.0,-1.0,1
"(0.6808951077381759, 0.5439984229955915)",1.0,1.0,1
"(0.5198532999051362, 0.23289487831977349)",1.0,1.0,1
"(0.4251185797533541, 0.3237948460628651)",-1.0,1.0,1
"(0.41953008537742237, 0.6243683022113903)",1.0,1.0,1
"(0.34696435831413464, 0.1733271208917243)",1.0,1.0,1
"(0.3272462393278222, 0.3127558152037561)",1.0,-1.0,1
"(0.3348353435424854, 0.5062739686749579)",-1.0,-1.0,1
"(0.17397343813524863, 0.3681212142933945)",1.0,1.0,-1
"(0.687649071689931, 0.6331493494856816)",1.0,1.0,1
"(0.40449247865564436, 0.28215655352854735)",1.0,1.0,1
"(0.5514094050684375, 0.14460055195154295)",1.0,1.0,1
"(0.758283642770023, 0.42522920325436364)",1.0,1.0,1
"(0.4645565117224556, 0.327909393928533)",-1.0,-1.0,1
"(0.5978215205312373, 0.2321063761155514)",1.0,1.0,1
"(0.16081108551294213, 0.14322067309415432)",-1.0,1.0,-1
"(0.5428733568234178, 0.6802981971972331)",-1.0,-1.0,1
"(0.647907914351538, 0.5298286799756281)",1.0,1.0,1
"(0.5271244409811627, 0.3580606429877065)",-1.0,-1.0,1
"(0.6804885485838189, 0.22714239632988065)",-1.0,-1.0,1
"(0.6257216424989837, 0.6116805849252716)",1.0,1.0,1
"(0.5773156931833582, 0.27168918676749937)",1.0,1.0,1
"(0.2861160048787098, 0.3947958854521344)",-1.0,1.0,1
"(0.5036912183222658, 0.20687430558044514)",1.0,1.0,1
"(0.4506369426751592, 0.2982509587469983)",1.0,-1.0,1
"(0.5448146767854722, 0.23397010859825812)",1.0,1.0,1
"(0.7846422279441658, 0.36742410666284364)",1.0,1.0,1
"(0.5067734449112345, 0.4982903838572094)",-1.0,-1.0,1
"(0.630217509147581, 0.20750152324289453)",1.0,1.0,1
"(0.4945114514161811, 0.23242894519909682)",1.0,1.0,1
"(0.5545382165605095, 0.7321242966201928)",-1.0,-1.0,1
"(0.27984821791570674, 0.44403981936131326)",-1.0,-1.0,1
"(0.47591645209377964, 0.19501093150783125)",1.0,-1.0,1
"(0.7467305868003795, 0.46656929859144836)",1.0,1.0,1
"(0.9352046347743597, 0.662144725995484)",-1.0,-1.0,1
"(0.8572469169264126, 0.2892136482563349)",1.0,1.0,1
"(0.5010163978858924, 0.18515465395505537)",1.0,1.0,1
"(0.46608449654424716, 0.18945557506899394)",1.0,-1.0,1
"(0.5636095676920991, 0.4341460879538368)",-1.0,-1.0,1
"(0.44704228215205316, 0.1882190602487366)",1.0,-1.0,1
"(0.5280071825450603, 0.7556180782050823)",-1.0,-1.0,1
"(0.6860042011112617, 0.3339772768001147)",-1.0,-1.0,1
"(0.7313152188643447, 0.42604657539156304)",1.0,1.0,1
"(0.4927480010841577, 0.4891616787928748)",-1.0,-1.0,1
"(0.6854672042282153, 0.28666893659725456)",-1.0,-1.0,1
"(0.38531305054885484, 0.6383283753270492)",1.0,1.0,1
"(0.5631318606857297, 0.35361456578617256)",-1.0,-1.0,1
"(0.6969270903916519, 0.36464463639296085)",-1.0,-1.0,1
"(0.5143178276189185, 0.15574710583850043)",1.0,1.0,1
"(0.7701077381759046, 0.544295903372639)",1.0,1.0,1
"(0.6553953787776121, 0.2815992258341995)",-1.0,-1.0,1
"(0.39312068030898495, 0.6701372710655532)",1.0,-1.0,1
"(0.5298692234720151, 0.45748897888964557)",-1.0,-1.0,1
"(0.43760841577449516, 0.49148238414393747)",-1.0,-1.0,1
"(0.38035302886569994, 0.4271036880398552)",-1.0,1.0,1
"(0.5291128540452635, 0.22499193577291135)",1.0,1.0,1
"(0.39384909879387453, 0.22425719508261352)",1.0,1.0,1
"(0.4284388128472693, 0.5123938210099996)",-1.0,-1.0,1
"(0.9355434340696572, 0.6774667574638903)",-1.0,-1.0,1
"(0.488428310069115, 0.18214400917529838)",1.0,1.0,1
"(0.302937389890229, 0.23368338052399554)",-1.0,1.0,1
"(0.2552005691828161, 0.2767481452277696)",-1.0,1.0,1
"(0.4062017211004201, 0.5635389412565859)",-1.0,-1.0,1
"(0.30347946876270493, 0.5310132253324253)",1.0,1.0,1
"(0.900274427429191, 0.638883910970933)",-1.0,-1.0,1
"(0.40955075213443554, 0.5499408623346833)",-1.0,-1.0,1
"(0.4825687762569454, 0.36052292032543637)",-1.0,-1.0,1
"(0.58161166824773, 0.6754775814486936)",-1.0,-1.0,1
"(0.278476080769752, 0.2084513099888893)",-1.0,1.0,1
"(0.541712969237024, 0.3730493530697825)",-1.0,-1.0,1
"(0.6126897276053666, 0.22549370990287088)",1.0,1.0,1
"(0.5719152324163166, 0.6477724812730727)",1.0,1.0,1
"(0.42105298820978454, 0.21164115981506038)",1.0,1.0,1
"(0.6279797398021412, 0.4258454535679725)",-1.0,-1.0,1
"(0.4284879387450874, 0.22664062219992115)",1.0,-1.0,1
"(0.5409506708226047, 0.2404394107738074)",1.0,1.0,1
"(0.211495460089443, 0.2558635891186696)",-1.0,-1.0,1
"(0.6532626372137146, 0.38320311099960574)",-1.0,-1.0,1
"(0.8294823146767853, 0.3288806852800975)",1.0,1.0,1
"(0.5329204499254642, 0.34176373606680766)",-1.0,-1.0,1
"(0.3829871933866378, 0.6180423640729723)",1.0,-1.0,1
"(0.5836038081040791, 0.7998638041647254)",1.0,1.0,1
"(0.5523495731128879, 0.33756496182932516)",-1.0,-1.0,1
"(0.6155779915977775, 0.27666212680549085)",-1.0,-1.0,1
"(0.5803157609432172, 0.5370219705386904)",-1.0,-1.0,1
"(0.19416587613497763, 0.5766585427045626)",1.0,-1.0,-1
"(0.6566167502371595, 0.6615175083330347)",1.0,1.0,1
"(0.6232941455481773, 0.28497007275724884)",-1.0,-1.0,1
"(0.4316946740750779, 0.31102648650585996)",-1.0,1.0,1
"(0.7647885892397343, 0.39025303752553675)",-1.0,-1.0,1
"(0.46553564168586525, 0.19246621984875092)",1.0,1.0,1
"(0.5209965781271174, 0.7044729579584962)",1.0,1.0,1
"(0.32285878845372, 0.2666373965090857)",-1.0,1.0,1
"(0.5974962732077517, 0.8483029282104584)",1.0,1.0,1
"(0.38938880607128334, 0.20266298698971363)",1.0,1.0,1
"(0.5253472692776798, 0.7251532203146841)",1.0,1.0,1
"(0.7248102723946334, 0.48302569800365586)",1.0,1.0,1
"(0.2642126304377287, 0.5172664062219993)",1.0,1.0,1
"(0.45901714324434206, 0.18766352460485286)",1.0,1.0,1
"(0.7341103130505487, 0.5365417010143005)",1.0,1.0,1
"(0.3517075484482992, 0.16481488118705423)",1.0,-1.0,1
"(0.5356445656593034, 0.7506361779147701)",1.0,1.0,1
"(0.3848810814473506, 0.3039837281817856)",-1.0,-1.0,1
"(0.7267244884130641, 0.25839217232357264)",-1.0,-1.0,1
"(0.4750575958802006, 0.23029640514676894)",1.0,-1.0,1
"(0.7507114785201247, 0.31435790831869825)",-1.0,-1.0,1
"(0.6549803496408728, 0.48354897673918495)",1.0,1.0,1
"(0.2228452364819081, 0.6094226013404537)",1.0,1.0,1
"(0.5385379116411438, 0.2305293717071073)",1.0,1.0,1
"(0.569104892261824, 0.43635998709723667)",-1.0,-1.0,1
"(0.7758842661607264, 0.15277230206802622)",-1.0,-1.0,1
"(0.3218254506030627, 0.24346797605820578)",1.0,1.0,1
"(0.41432443420517684, 0.287842729651267)",1.0,-1.0,1
"(0.2603333785065727, 0.40383857209419016)",-1.0,-1.0,1
"(0.7413944978994443, 0.2143650765205548)",-1.0,-1.0,1
"(0.5800887654153679, 0.6773950754453245)",-1.0,-1.0,1
"(0.3850386231196639, 0.22882692376617325)",1.0,-1.0,1
"(0.1603875863938203, 0.34230135120605)",-1.0,1.0,-1
"(0.4888518091882369, 0.1510519336224508)",1.0,1.0,1
"(0.664502303835208, 0.4174454320633669)",-1.0,-1.0,1
"(0.7071757690744003, 0.2442743987670693)",-1.0,-1.0,1
"(0.395311017753083, 0.3058994301279524)",1.0,-1.0,1
"(0.20714188914487056, 0.20183864377620872)",-1.0,-1.0,1
"(0.7439016126846456, 0.4626321637217304)",1.0,1.0,1
"(0.3174549396937254, 0.4103437152790223)",-1.0,1.0,1
"(0.35307968559425396, 0.5014766495824523)",-1.0,-1.0,1
"(0.24810272394633417, 0.19169563814917026)",-1.0,-1.0,1
"(0.4831938609567692, 0.42079334074047525)",-1.0,-1.0,1
"(0.4431410082667028, 0.264329235511272)",1.0,1.0,1
"(0.35125016939964765, 0.5384358983548977)",1.0,-1.0,1
"(0.775138907711072, 0.5399501809970969)",1.0,1.0,1
"(0.26575416723133216, 0.3097164976165729)",-1.0,-1.0,1
"(0.4149935628133894, 0.3849629045553923)",-1.0,-1.0,1
"(0.48716797669060846, 0.4956112684133185)",-1.0,-1.0,1
"(0.5585089443013959, 0.43300759829396795)",-1.0,-1.0,1
"(0.3822045670145006, 0.6796530590301424)",1.0,1.0,1
"(0.28064439625965576, 0.32972115694777965)",-1.0,1.0,1
"(0.6700857162217102, 0.5372746496541343)",1.0,1.0,1
"(0.21493427293671227, 0.5124941758359916)",1.0,1.0,1
"(0.5345854790622036, 0.20769864879395003)",1.0,1.0,1
"(0.29534828567556576, 0.21375577936274684)",-1.0,-1.0,1
"(0.8255522428513349, 0.3364825633489839)",1.0,1.0,1
"(0.7926887112074805, 0.7352245439231571)",-1.0,-1.0,1
"(0.7166113294484348, 0.5160083867961722)",1.0,1.0,1
"(0.5544552107331617, 0.219042328231963)",1.0,1.0,1
"(0.5704329854993901, 0.49611304254327804)",-1.0,-1.0,1
"(0.32541672313321585, 0.3279559872406007)",-1.0,1.0,1
"(0.9405915435695894, 0.6449410415397298)",-1.0,-1.0,1
"(0.33431020463477434, 0.17809397512633957)",1.0,1.0,1
"(0.8060204634774359, 0.11110712877674635)",-1.0,-1.0,1
"(0.22352283507250303, 0.21459804308089317)",-1.0,-1.0,1
"(0.39599031034015447, 0.48878176409447693)",-1.0,1.0,1
"(0.5651748204363735, 0.2663291638292534)",1.0,1.0,1
"(0.16335208022767309, 0.09585677932690584)",-1.0,1.0,-1
"(0.47236414148258565, 0.7312282713881223)",1.0,-1.0,1
"(0.33608890093508603, 0.3646840615031719)",-1.0,-1.0,1
"(0.464968152866242, 0.4949876348517975)",-1.0,-1.0,1
"(0.49384571080092154, 0.25811978065302316)",1.0,1.0,1
"(0.43537064642905543, 0.670388158130533)",1.0,-1.0,1
"(0.32204567014500607, 0.2227339521880936)",-1.0,-1.0,1
"(0.4535150426887112, 0.6381312497759938)",1.0,1.0,1
"(0.6650647106654017, 0.5797731264112397)",1.0,1.0,1
"(0.6592576907440032, 0.6445467904376188)",1.0,1.0,1
"(0.21854248543163027, 0.5487545249274219)",1.0,-1.0,1
"(0.45022021954194336, 0.18703630694240347)",1.0,-1.0,1
"(0.4937220490581379, 0.43911132217483245)",-1.0,-1.0,1
"(0.8274664588697654, 0.2780205010573098)",1.0,1.0,1
"(0.5863209784523649, 0.2076628077846672)",1.0,1.0,1
"(0.5997713104756742, 0.20624708791799576)",1.0,1.0,1
"(0.30685052175091476, 0.46566610515752127)",-1.0,1.0,1
"(0.5111551361973167, 0.35083867961721804)",-1.0,-1.0,1
"(0.643176582192709, 0.4369542310311459)",-1.0,-1.0,1
"(0.3188101368749153, 0.2601017884663632)",1.0,-1.0,1
"(0.42254370510909334, 0.6230601053725673)",1.0,1.0,1
"(0.7217949586664859, 0.500521486685065)",1.0,1.0,1
"(0.43562813389348154, 0.2637253145048564)",1.0,1.0,1
"(0.5510875457379049, 0.2251711408193255)",1.0,1.0,1
"(0.318844016804445, 0.2089710046234902)",1.0,1.0,1
"(0.6564575145683696, 0.43618920468800404)",-1.0,-1.0,1
"(0.7619934950535302, 0.48473710619691057)",1.0,1.0,1
"(0.5398170483805393, 0.5331117164259346)",-1.0,-1.0,1
"(0.7380234449112346, 0.3486039926884341)",1.0,1.0,1
"(0.6910658625830057, 0.4139027275008065)",-1.0,-1.0,1
"(0.533201653340561, 0.1914268305795491)",1.0,1.0,1
"(0.6618698333107467, 0.25889394645353214)",-1.0,-1.0,1
"(0.40732314676785475, 0.5579298233038243)",-1.0,-1.0,1
"(0.854417942810679, 0.24402351170208952)",1.0,1.0,1
"(0.7304682206261011, 0.4192127522311028)",1.0,1.0,1
"(0.6225962189998644, 0.6337048851295652)",1.0,1.0,1
"(0.5489124542620951, 0.48518332676248166)",-1.0,-1.0,1
"(0.6201077381759046, 0.46293322819970617)",-1.0,-1.0,1
"(0.601936237972625, 0.28572452600265225)",-1.0,-1.0,1
"(0.43610584089985094, 0.5395039604315257)",-1.0,1.0,1
"(0.32851673668518766, 0.41864789792480556)",-1.0,-1.0,1
"(0.408481840357772, 0.714723486613383)",1.0,-1.0,1
"(0.6544467407507792, 0.5380882405648544)",1.0,1.0,1
"(0.6715290012196774, 0.28981219311135803)",-1.0,-1.0,1
"(0.2842356687898089, 0.6262678757033798)",1.0,-1.0,1
"(0.653472692776799, 0.20380989928676393)",-1.0,-1.0,1
"(0.48055122645344894, 0.28256693308483566)",1.0,1.0,1
"(0.49996103808104075, 0.4181817855990825)",-1.0,-1.0,1
"(0.6435238514703889, 0.5837676068958102)",1.0,1.0,1
"(0.7049058137959073, 0.509413641088133)",1.0,1.0,1
"(0.48402900121967746, 0.36237231640442996)",-1.0,-1.0,1
"(0.7484923431359263, 0.28888928712232537)",-1.0,-1.0,1
"(0.5322948570266973, 0.2747625533135013)",1.0,1.0,1
"(0.2634842119528391, 0.30847639869538723)",-1.0,1.0,1
"(0.6000508198942947, 0.7765133866169672)",-1.0,-1.0,1
"(0.7174922076162081, 0.5751998136267518)",1.0,1.0,1
"(0.7348387315354383, 0.3912780903910254)",1.0,1.0,1
"(0.35128404932917734, 0.38750403211354434)",-1.0,-1.0,1
"(0.7305868003794552, 0.3187538081072363)",-1.0,-1.0,1
"(0.7344152324163166, 0.5270904268664206)",1.0,1.0,1
"(0.4786844423363599, 0.437789505752482)",-1.0,-1.0,1
"(0.4817607399376609, 0.29514891939357013)",1.0,1.0,1
"(0.2847099878032254, 0.24472241138310455)",-1.0,1.0,1
"(0.19001558476758368, 0.3789917924088742)",-1.0,-1.0,-1
"(0.7621120748068844, 0.05234579405756067)",-1.0,-1.0,1
"(0.3906830193793197, 0.2401706032041862)",1.0,-1.0,1
"(0.40072841848488955, 0.1619296799397871)",1.0,-1.0,1
"(0.6501778696300312, 0.3274918461703882)",-1.0,-1.0,1
"(0.3818488277544383, 0.3367316583634995)",-1.0,-1.0,1
"(0.5885197858788453, 0.8136446722339702)",1.0,1.0,1
"(0.7446130912047703, 0.7182717465323823)",-1.0,-1.0,1
"(0.5302447824908524, 0.1577721228629798)",1.0,1.0,1
"(0.8497763924651036, 0.6798860255904806)",-1.0,-1.0,1
"(0.5714629353570944, 0.8527472133615283)",1.0,1.0,1
"(0.4160828025477707, 0.6451023260815025)",1.0,-1.0,1
"(0.3820792112752405, 0.38131070570947284)",-1.0,1.0,1
"(0.5770412657541673, 0.22443640012902763)",1.0,1.0,1
"(0.4107179157067353, 0.49155585821296727)",-1.0,-1.0,1
"(0.44174854316303025, 0.44375595856779326)",-1.0,1.0,1
"(0.43378167773411025, 0.36360345507329483)",-1.0,1.0,1
"(0.6453584496544247, 0.3709795347836995)",-1.0,-1.0,1
"(0.3606111939287166, 0.562829289272786)",1.0,-1.0,1
"(0.5738989022902832, 0.5188093616716247)",-1.0,-1.0,1
"(0.37398868410353703, 0.3232715673273359)",-1.0,-1.0,1
"(0.6007775443827077, 0.46185799792122145)",-1.0,-1.0,1
"(0.6647191353841984, 0.32295795849611125)",-1.0,-1.0,1
"(0.5523851470388942, 0.7121787749543027)",-1.0,-1.0,1
"(0.5289813999186882, 0.7641661589190352)",1.0,1.0,1
"(0.29626304377286894, 0.4537328411168059)",-1.0,-1.0,1
"(0.697316709581244, 0.7155836708361708)",1.0,1.0,1
"(0.518957853367665, 0.18624780473818142)",1.0,1.0,1
"(0.7566065862583006, 0.5320669510053403)",1.0,1.0,1
"(0.14227876406017076, 0.4574925629905738)",1.0,1.0,-1
"(0.5116897614852961, 0.7373033224615606)",-1.0,-1.0,1
"(0.5282421398563492, 0.7360668076413033)",-1.0,-1.0,1
"(0.6960462122238786, 0.3291423246478621)",-1.0,-1.0,1
"(0.6681172923160319, 0.6334898390738684)",1.0,1.0,1
"(0.6916740073180648, 0.4986523780509659)",-1.0,-1.0,1
"(0.3854926141753625, 0.4687609763090929)",-1.0,-1.0,1
"(0.36180715544111663, 0.5795777929106485)",1.0,1.0,1
"(0.4487989564981705, 0.19477796494749294)",1.0,-1.0,1
"(0.36512400054207883, 0.14431382387728037)",1.0,-1.0,1
"(0.14197384469440302, 0.07578581412852584)",-1.0,1.0,-1
"(0.45976250169399646, 0.2528726568940181)",1.0,1.0,1
"(0.5382910963545195, 0.23388050607505106)",1.0,1.0,1
"(0.716035370646429, 0.5434267588975306)",1.0,1.0,1
"(0.4835275782626372, 0.3170513601663023)",-1.0,-1.0,1
"(0.48742546415503457, 0.21608544496613025)",1.0,1.0,1
"(0.6105976419569047, 0.8242536109816853)",1.0,1.0,1
"(0.44108788453720016, 0.26857639511128634)",1.0,-1.0,1
"(0.5688084428784388, 0.23332497043116732)",-1.0,-1.0,1
"(0.9079312915029137, 0.4784559693200961)",1.0,1.0,1
"(0.27027713782355334, 0.3383176230242644)",-1.0,-1.0,1
"(0.5599827212359398, 0.2260850865560374)",1.0,1.0,1
"(0.6607263856891178, 0.42919855919142685)",-1.0,-1.0,1
"(0.30081989429461986, 0.38651482025733847)",-1.0,-1.0,1
"(0.35252066675701316, 0.4914698397906885)",-1.0,-1.0,1
"(0.47608415774495183, 0.23724956094763627)",1.0,-1.0,1
"(0.7704465374712021, 0.3364019210780976)",-1.0,-1.0,1
"(0.49488751863396124, 0.6641876635246049)",1.0,1.0,1
"(0.6148275511586936, 0.20156983620658755)",1.0,1.0,1
"(0.7818640737227266, 0.4425821655137809)",1.0,1.0,1
"(0.4804546686542892, 0.26063223540374897)",1.0,1.0,1
"(0.6457616208158287, 0.49355041037955627)",1.0,1.0,1
"(0.4834665943894837, 0.21755492634672594)",1.0,1.0,1
"(0.751727876406017, 0.5488369592487725)",1.0,1.0,1
"(0.6198248407643312, 0.6332210315042472)",1.0,1.0,1
"(0.7040757555224285, 0.44328518691086344)",1.0,1.0,1
"(0.42029746578127114, 0.26331135084763985)",1.0,-1.0,1
"(0.26297601300989293, 0.31276477545607684)",-1.0,-1.0,1
"(0.7444775714866513, 0.17657073223181963)",-1.0,-1.0,1
"(0.7285201246781408, 0.27105480090319345)",-1.0,-1.0,1
"(0.6756623526223065, 0.3854897673918498)",-1.0,-1.0,1
"(0.5392432917739531, 0.80360918963478)",1.0,1.0,1
"(0.40495324569724894, 0.3632038278197914)",-1.0,-1.0,1
"(0.5122874034422008, 0.2145263610623275)",1.0,1.0,1
"(0.8531474454533134, 0.7012114261137593)",-1.0,-1.0,1
"(0.47364988480823955, 0.15126697967814773)",1.0,-1.0,1
"(0.6587884537200163, 0.27806351026844917)",-1.0,-1.0,1
"(0.7337037538961919, 0.18916884699473135)",-1.0,-1.0,1
"(0.5213711207480688, 0.6813375864664348)",1.0,1.0,1
"(0.8281101775308307, 0.7019820078133401)",-1.0,-1.0,1
"(0.7990920178886028, 0.3504587649188201)",1.0,1.0,1
"(0.4155305596964358, 0.5964105229203255)",-1.0,1.0,1
"(0.5887840493291774, 0.24888892871223253)",1.0,1.0,1
"(0.39135214798753215, 0.3505358230887782)",-1.0,-1.0,1
"(0.3219101504268871, 0.24753593061180604)",-1.0,1.0,1
"(0.5696927090391652, 0.72776961399233)",1.0,1.0,1
"(0.7324332565388263, 0.5096627361026487)",1.0,1.0,1
"(0.13645141618105433, 0.24497329844808433)",-1.0,-1.0,-1
"(0.613563829787234, 0.41984749650550157)",-1.0,-1.0,1
"(0.3415943894836698, 0.6361599942654386)",1.0,1.0,1
"(0.3615411979943081, 0.28106161069495716)",-1.0,1.0,1
"(0.48906525274427426, 0.6531665531701373)",1.0,1.0,1
"(0.7898766770565117, 0.41348159564173326)",1.0,1.0,1
"(0.47080735872069385, 0.23667610479911116)",1.0,1.0,1
"(0.5371158015991326, 0.7728396831654779)",-1.0,-1.0,1
"(0.1997391245426209, 0.026952438980681673)",-1.0,1.0,1
"(0.5171977910285946, 0.40175083330346584)",-1.0,-1.0,1
"(0.5926751592356687, 0.22156911938640192)",1.0,1.0,1
"(0.48734076433121015, 0.4739489624027813)",-1.0,-1.0,1
"(0.15234110313050545, 0.19452707788251317)",-1.0,1.0,-1
"(0.7027205583412386, 0.591247625533135)",1.0,1.0,1
"(0.7031779373898902, 0.34647324468657037)",-1.0,-1.0,1
"(0.5795382165605095, 0.4606644923121035)",-1.0,-1.0,1
"(0.2647716492749695, 0.4512096340632953)",-1.0,-1.0,1
"(0.3773495731128879, 0.6085982581269488)",1.0,1.0,1
"(0.7381928445588832, 0.39272069101465895)",1.0,1.0,1
"(0.49463511315896463, 0.3655800867352425)",-1.0,-1.0,1
"(0.7303835208022768, 0.46649403247195437)",1.0,1.0,1
"(0.6628726792248272, 0.38313859718289667)",-1.0,-1.0,1
"(0.3813795907304513, 0.4913963657216588)",-1.0,1.0,1
"(0.4219575823282287, 0.25463961865166124)",1.0,1.0,1
"(0.7312135790757555, 0.33917959929751623)",1.0,1.0,1
"(0.3332938067488819, 0.3744274398767069)",-1.0,-1.0,1
"(0.5534743867732755, 0.18149887100820758)",1.0,1.0,1
"(0.7274529068979536, 0.2880864485143902)",-1.0,-1.0,1
"(0.7995324569724894, 0.3309487115157163)",1.0,1.0,1
"(0.6789622577585038, 0.7358696820902477)",-1.0,-1.0,1
"(0.2927903509960699, 0.3695082613526397)",-1.0,1.0,1
"(0.4516380945927632, 0.7880900326153186)",1.0,1.0,1
"(0.5818013958530966, 0.26787570337980715)",1.0,1.0,1
"(0.31259316980620677, 0.3384197699007204)",-1.0,1.0,1
"(0.36096523919230245, 0.6204974732088456)",1.0,1.0,1
"(0.6046313863667163, 0.6921794917744883)",1.0,1.0,1
"(0.6767736143108821, 0.328785706605498)",-1.0,-1.0,1
"(0.6924024258029543, 0.4939052363714562)",1.0,1.0,1
"(0.5121940642363464, 0.34171176660334757)",-1.0,-1.0,1
"(0.4182595880200569, 0.7007454929930828)",1.0,1.0,1
"(0.5160563762027375, 0.34838894663273723)",-1.0,-1.0,1
"(0.6807257080905272, 0.26588473531414647)",-1.0,-1.0,1
"(0.694115056240683, 0.5074101286692233)",1.0,1.0,1
"(0.4609466052310611, 0.551498154188022)",-1.0,-1.0,1
"(0.4741360617969914, 0.528074262571234)",-1.0,-1.0,1
"(0.7229976961647919, 0.36758180710368804)",-1.0,-1.0,1
"(0.23719338663775577, 0.22343285186910863)",-1.0,1.0,1
"(0.7035675565794822, 0.5402960467366761)",1.0,1.0,1
"(0.5486702127659574, 0.37471058385004125)",-1.0,-1.0,1
"(0.6740174820436373, 0.32618185728110105)",-1.0,-1.0,1
"(0.4425294755386908, 0.20440127593993046)",1.0,1.0,1
"(0.2861837647377693, 0.47426794738539846)",-1.0,1.0,1
"(0.6746357907575552, 0.5514246801189921)",1.0,1.0,1
"(0.35679123187423767, 0.6115730618974231)",1.0,1.0,1
"(0.48792858110855125, 0.48932296333464753)",-1.0,-1.0,1
"(0.6254539910556987, 0.6179169205404825)",1.0,1.0,1
"(0.8133046483263314, 0.3515644600551952)",1.0,1.0,1
"(0.41697892668383246, 0.5353213146482204)",-1.0,-1.0,1
"(0.4219338663775579, 0.6864449302892369)",1.0,1.0,1
"(0.6772564033066811, 0.6933980860901043)",-1.0,-1.0,1
"(0.41063999186881683, 0.18714382997025197)",1.0,1.0,1
"(0.8689016126846456, 0.34482814236048887)",1.0,1.0,1
"(0.23463545195825988, 0.5032543636428801)",1.0,1.0,1
"(0.3271615395039978, 0.2468011899215082)",1.0,1.0,1
"(0.6825060983873154, 0.36461058743414215)",-1.0,-1.0,1
"(0.48512501693996474, 0.23155084047166766)",1.0,1.0,1
"(0.5876778696300311, 0.7400810006809792)",1.0,1.0,1
"(0.5896886434476216, 0.41141787032722843)",-1.0,-1.0,1
"(0.5106538826399241, 0.47533421741156234)",-1.0,-1.0,1
"(0.4787420382165605, 0.22388086448514388)",1.0,1.0,1
"(0.5176387383114243, 0.23638937672484858)",1.0,1.0,1
"(0.4189388806071283, 0.285708397548475)",1.0,-1.0,1
"(0.5156245765008809, 0.6977886097272499)",1.0,1.0,1
"(0.44898868410353704, 0.486851725744597)",-1.0,1.0,1
"(0.4401646564575145, 0.149403247195441)",1.0,1.0,1
"(0.3832751727876406, 0.6481308913659009)",1.0,1.0,1
"(0.25047431901341644, 0.22481273072649727)",-1.0,1.0,1
"(0.30869697791028594, 0.30143901652270527)",-1.0,1.0,1
"(0.8259926819352215, 0.40936525572560123)",1.0,1.0,1
"(0.7516262366174278, 0.5121232213899143)",1.0,1.0,1
"(0.537842356687898, 0.27483781943299523)",1.0,1.0,1
"(0.33380200569182816, 0.3711408193254722)",-1.0,1.0,1
"(0.627402087003659, 0.16504784774739253)",1.0,1.0,1
"(0.32174075077923836, 0.25923085194079065)",1.0,1.0,1
"(0.2944674075077924, 0.5035392996666787)",-1.0,-1.0,1
"(0.42882673804038485, 0.530144080857317)",-1.0,1.0,1
"(0.7116817997018566, 0.4163074800186373)",1.0,1.0,1
"(0.5537606721778019, 0.24042149026916598)",1.0,1.0,1
"(0.4315845643041062, 0.6278807211211068)",1.0,-1.0,1
"(0.5381454126575417, 0.1987204759686033)",1.0,1.0,1
"(0.6700975741970456, 0.6309809684240708)",1.0,1.0,1
"(0.3331244071012332, 0.5528672807426257)",1.0,1.0,1
"(0.7282490852419026, 0.11117881079531197)",-1.0,-1.0,1
"(0.4095185662013823, 0.4201396007311566)",-1.0,1.0,1
"(0.42535912725301533, 0.2934823124619189)",-1.0,-1.0,1
"(0.5711647919772327, 0.2911902799182825)",-1.0,-1.0,1
"(0.790622035506166, 0.4645460736174331)",1.0,1.0,1
"(0.6968254506030628, 0.5064119565606967)",1.0,1.0,1
"(0.35877828974115733, 0.23440020070965198)",-1.0,-1.0,1
"(0.7121899986448028, 0.49474033188774597)",1.0,1.0,1
"(0.3615327280119257, 0.13845381885953909)",1.0,1.0,1
"(0.36278459140804986, 0.25151428264219916)",1.0,-1.0,1
"(0.4347116817997018, 0.232787355291925)",1.0,-1.0,1
"(0.5728028865699959, 0.39915773628185375)",-1.0,-1.0,1
"(0.6030915435695894, 0.6443496648865633)",1.0,1.0,1
"(0.5425498034964087, 0.5102971219669546)",-1.0,-1.0,1
"(0.3879014771649275, 0.18094333536432383)",1.0,-1.0,1
"(0.436168518769481, 0.6024694455395864)",1.0,-1.0,1
"(0.4791858652934001, 0.1999390702842192)",1.0,1.0,1
"(0.48365801599132674, 0.4905648543062973)",-1.0,-1.0,1
"(0.4102181867461715, 0.5923049353069783)",1.0,-1.0,1
"(0.6622984144192979, 0.7564065804093044)",1.0,1.0,1
"(0.5356886095676922, 0.5344127450629009)",-1.0,-1.0,1
"(0.3190981162759181, 0.21988459195010931)",-1.0,1.0,1
"(0.6798820978452363, 0.5532328590373105)",1.0,1.0,1
"(0.21093644125220218, 0.44426418407942364)",1.0,1.0,-1
"(0.47480010841577447, 0.2974714167950969)",-1.0,-1.0,1
"(0.3054953245697249, 0.3327783950396043)",-1.0,1.0,1
"(0.44331379590730446, 0.4427966739543386)",-1.0,-1.0,1
"(0.76001151917604, 0.5244937457438802)",1.0,1.0,1
"(0.47529814337986176, 0.24524210601770544)",1.0,-1.0,1
"(0.3515212088358856, 0.1319845166839898)",1.0,1.0,1
"(0.3649274969508063, 0.1587219096089746)",1.0,-1.0,1
"(0.3868410353706464, 0.5962349019748396)",1.0,-1.0,1
"(0.5052717170348285, 0.385950324361134)",-1.0,-1.0,1
"(0.6160590865970998, 0.633561521092434)",1.0,1.0,1
"(0.34755725708090524, 0.3917153507042758)",-1.0,-1.0,1
"(0.5331286420924244, 0.4036145657861726)",-1.0,-1.0,1
"(0.48405441116682474, 0.17728755241747607)",1.0,1.0,1
"(0.2567082260468898, 0.5898247374646071)",1.0,1.0,1
"(0.6018329041875593, 0.5168076413031791)",1.0,1.0,1
"(0.6661624203821657, 0.5412225368266371)",1.0,1.0,1
"(0.6023139991868817, 0.4852908497903301)",-1.0,-1.0,1
"(0.47520158558070197, 0.7830185298017992)",1.0,-1.0,1
"(0.5946368071554411, 0.8039138382136841)",1.0,1.0,1
"(0.4422838460496002, 0.4404553600229382)",-1.0,-1.0,1
"(0.34903103401544916, 0.5495501953335006)",1.0,-1.0,1
"(0.5273898902290283, 0.3953317085409125)",-1.0,-1.0,1
"(0.638897547093102, 0.6971076305508763)",1.0,1.0,1
"(0.633032931291503, 0.4843195584387657)",1.0,1.0,1
"(0.4734364412522022, 0.20816458191462672)",1.0,-1.0,1
"(0.3690015584767583, 0.34090534389448407)",-1.0,-1.0,1
"(0.5802293671229164, 0.6339199311852622)",1.0,1.0,1
"(0.7260130098929394, 0.4922242930360919)",1.0,1.0,1
"(0.5131630302208972, 0.7229489982437907)",1.0,1.0,1
"(0.5693064778425261, 0.19735851761585607)",1.0,1.0,1
"(0.708547906220355, 0.20597828034837462)",-1.0,-1.0,1
"(0.23880268329041876, 0.33287874986559624)",-1.0,1.0,1
"(0.682490852419027, 0.7301530411096376)",-1.0,-1.0,1
"(0.4892329583954465, 0.5551342245797642)",-1.0,-1.0,1
"(0.5529983737633826, 0.36578975663954694)",-1.0,-1.0,1
"(0.5962698197587749, 0.31030429016881117)",-1.0,-1.0,1
"(0.3610143650901206, 0.5011182394896241)",-1.0,-1.0,1
"(0.216577449518905, 0.21051216802265152)",-1.0,-1.0,1
"(0.18552649410489225, 0.5259739794272607)",1.0,-1.0,-1
"(0.2575382843203686, 0.16420558402924626)",-1.0,-1.0,1
"(0.3605417400731806, 0.606985412709222)",1.0,-1.0,1
"(0.3831904729638162, 0.2805419160603563)",1.0,1.0,1
"(0.7030762976013009, 0.385962868714383)",1.0,1.0,1
"(0.607226588968695, 0.3772947206193326)",-1.0,-1.0,1
"(0.48108991733297196, 0.2071251926454249)",1.0,1.0,1
"(0.633835885621358, 0.3117773556503351)",-1.0,-1.0,1
"(0.4629336630979808, 0.2583097380022221)",1.0,1.0,1
"(0.7369054072367528, 0.453455073294864)",1.0,1.0,1
"(0.5218053428648869, 0.3673165836349952)",-1.0,-1.0,1
"(0.40178039029678814, 0.2028063510268449)",1.0,1.0,1
"(0.37959411844423363, 0.39402171965162536)",-1.0,-1.0,1
"(0.7287911641143786, 0.20599620085301604)",-1.0,-1.0,1
"(0.6741970456701449, 0.5824396975018817)",1.0,1.0,1
"(0.4191404661878303, 0.5015429554496255)",-1.0,1.0,1
"(0.516525782626372, 0.8024085158238056)",1.0,1.0,1
"(0.6126727876406017, 0.6397440951937207)",1.0,1.0,1
"(0.6689456565930343, 0.2570087093652557)",-1.0,-1.0,1
"(0.6591272530153137, 0.6311422529658435)",1.0,1.0,1
"(0.5743359533812169, 0.7883409196802982)",1.0,1.0,1
"(0.6166824773004471, 0.6921974122791298)",1.0,1.0,1
"(0.7548956498170484, 0.3123508117988602)",1.0,1.0,1
"(0.8861295568505217, 0.34631912834665424)",1.0,1.0,1
"(0.354140127388535, 0.6423784093760081)",1.0,-1.0,1
"(0.21805122645344896, 0.20312892011039033)",-1.0,-1.0,1
"(0.6701026561864751, 0.28295043188416186)",-1.0,-1.0,1
"(0.3238751863396124, 0.6371993835346403)",1.0,-1.0,1
"(0.5747001626236617, 0.18493960789935843)",1.0,1.0,1
"(0.6784540588155576, 0.5370327228414753)",1.0,1.0,1
"(0.532643650901206, 0.1918390021863016)",1.0,1.0,1
"(0.44099979672042283, 0.13739650908569584)",1.0,1.0,1
"(0.7064473505895108, 0.6128454177269632)",1.0,1.0,1
"(0.7580803631928444, 0.6992580911078456)",-1.0,-1.0,1
"(0.3725115191760401, 0.31703343966166087)",-1.0,1.0,1
"(0.26470388941591, 0.24653238235188704)",-1.0,-1.0,1
"(0.5292233026155305, 0.21622880900326152)",1.0,1.0,1
"(0.6861160048787098, 0.26626823411347267)",-1.0,-1.0,1
"(0.7223709174684917, 0.6561951184545357)",1.0,1.0,1
"(0.6696689930884944, 0.5646195476864629)",1.0,1.0,1
"(0.5978282965171432, 0.6962295258234472)",1.0,1.0,1
"(0.560758571622171, 0.18422278771370199)",1.0,1.0,1
"(0.657949925464155, 0.5641697430199635)",1.0,1.0,1
"(0.6074112345846321, 0.31750833303465825)",-1.0,-1.0,1
"(0.29998983602114104, 0.624350381706749)",1.0,1.0,1
"(0.2576907440032525, 0.3557184330310742)",-1.0,1.0,1
"(0.8546551023173871, 0.6572882692376617)",-1.0,-1.0,1
"(0.5242920958124406, 0.47055661087416223)",-1.0,-1.0,1
"(0.24837376338257217, 0.4657073223181965)",1.0,1.0,1
"(0.5219972049058138, 0.7437188631231856)",1.0,1.0,1
"(0.31027239463341916, 0.3373929249847676)",-1.0,-1.0,1
"(0.751202737498306, 0.6854772230386008)",-1.0,-1.0,1
"(0.3189287166282694, 0.514952869072793)",1.0,-1.0,1
"(0.48780830735872066, 0.6690978817963514)",1.0,1.0,1
"(0.4935018295161946, 0.6979498942690227)",1.0,1.0,1
"(0.5676599132673804, 0.4659456650299273)",-1.0,-1.0,1
"(0.500003387992953, 0.18209024766137416)",1.0,1.0,1
"(0.513799634096761, 0.17540589943012794)",1.0,1.0,1
"(0.547911302344491, 0.3532507795419519)",-1.0,-1.0,1
"(0.7362108686813932, 0.48228737321242965)",1.0,1.0,1
"(0.44747763924651035, 0.5905648543062972)",1.0,-1.0,1
"(0.3198773546551023, 0.5090677753485539)",1.0,1.0,1
"(0.7503726792248272, 0.6722518906132396)",-1.0,-1.0,1
"(0.8526223065456023, 0.6515178667431276)",-1.0,-1.0,1
"(0.4068674617156796, 0.22361205691552277)",1.0,-1.0,1
"(0.775274427429191, 0.26884161857997924)",1.0,1.0,1
"(0.634962393278222, 0.41735654636034547)",-1.0,-1.0,1
"(0.5325294755386909, 0.24595892620336188)",1.0,1.0,1
"(0.40822435289334597, 0.4838392889143759)",-1.0,-1.0,1
"(0.48425769074400327, 0.2931973764381205)",1.0,1.0,1
"(0.47016872204905813, 0.2629547328052758)",1.0,1.0,1
"(0.38428310069115057, 0.16895451775922007)",1.0,1.0,1
"(0.704397614852961, 0.4198107594709867)",1.0,1.0,1
"(0.7155610516330126, 0.20022579835848178)",-1.0,-1.0,1
"(0.6992817454939694, 0.5941525393355077)",1.0,1.0,1
"(0.5755403848759995, 0.18780688864198414)",1.0,1.0,1
"(0.418246036048245, 0.22750080642270884)",1.0,1.0,1
"(0.6986888467271987, 0.283244328160281)",-1.0,-1.0,1
"(0.362096828838596, 0.42764278699688185)",-1.0,-1.0,1
"(0.47502371595067083, 0.32516934876886133)",-1.0,1.0,1
"(0.7478147445453314, 0.4950342281638651)",1.0,1.0,1
"(0.43955142973302613, 0.6620372029676357)",1.0,1.0,1
"(0.2867089036454804, 0.5266406221999211)",1.0,1.0,1
"(0.5679512806613362, 0.16273610264865057)",1.0,1.0,1
"(0.3751812576229841, 0.5335149277803662)",-1.0,-1.0,1
"(0.33471676378913134, 0.47699007204042865)",-1.0,1.0,1
"(0.6496103808104079, 0.49312927852048316)",1.0,1.0,1
"(0.5484737091746849, 0.6539550553743594)",1.0,1.0,1
"(0.698654966797669, 0.47281459445898)",-1.0,-1.0,1
"(0.5249364412522022, 0.5938998602200638)",-1.0,-1.0,1
"(0.7125118579753354, 0.4948406867137379)",1.0,1.0,1
"(0.4966780729096083, 0.23336081144045015)",1.0,1.0,1
"(0.4429970185662014, 0.24504498046664994)",1.0,1.0,1
